Date,Price,Open,High,Low,Vol_BTC,Vol_USD,retornos
2011-06-05,14,10,14,10,72980.0,"1,021,720",
2011-06-12,18,16,19,16,55090.0,"991,620",0.6
2011-06-19,19,18,24,16,73420.0,"1,394,980",0.125
2011-06-26,17,17,17,17,15050.0,nan,-0.056
2011-07-03,16,16,18,15,31450.0,"503,200",-0.059
2011-07-10,13,15,15,13,52280.0,"679,640",-0.062
2011-07-17,14,14,15,13,49160.0,"688,240",-0.067
2011-07-24,13,13,13,12,75900.0,"986,700",-0.071
2011-07-31,14,14,14,13,31580.0,"442,120",0.077
2011-08-07,13,13,13,12,21750.0,"282,750",-0.071
2011-08-14,,,,,,,0.0
2011-08-21,11,10,11,10,38160.0,"419,760",-0.231
2011-08-28,,,,,,,0.0
2011-09-04,,,,,,,0.0
2011-09-11,,,,,,,0.0
2011-09-18,,,,,,,0.0
2011-09-25,,,,,,,0.0
2011-10-02,,,,,,,0.0
2011-10-09,,,,,,,0.0
2011-10-16,,,,,,,0.0
2011-10-23,,,,,,,0.0
2011-10-30,,,,,,,0.0
2011-11-06,,,,,,,0.0
2011-11-13,,,,,,,0.0
2011-11-20,,,,,,,0.0
2011-11-27,,,,,,,0.0
2011-12-04,,,,,,,0.0
2011-12-11,,,,,,,0.0
2011-12-18,,,,,,,0.0
2011-12-25,,,,,,,0.0
2012-01-01,,,,,,,0.0
2012-01-08,,,,,,,0.0
2012-01-15,,,,,,,0.0
2012-01-22,,,,,,,0.0
2012-01-29,,,,,,,0.0
2012-02-05,,,,,,,0.0
2012-02-12,,,,,,,0.0
2012-02-19,,,,,,,0.0
2012-02-26,,,,,,,0.0
2012-03-04,,,,,,,0.0
2012-03-11,,,,,,,0.0
2012-03-18,,,,,,,0.0
2012-03-25,,,,,,,0.0
2012-04-01,,,,,,,0.0
2012-04-08,,,,,,,0.0
2012-04-15,,,,,,,0.0
2012-04-22,,,,,,,0.0
2012-04-29,,,,,,,0.0
2012-05-06,,,,,,,0.0
2012-05-13,,,,,,,0.0
2012-05-20,,,,,,,0.0
2012-05-27,,,,,,,0.0
2012-06-03,,,,,,,0.0
2012-06-10,,,,,,,0.0
2012-06-17,,,,,,,0.0
2012-06-24,,,,,,,0.0
2012-07-01,,,,,,,0.0
2012-07-08,,,,,,,0.0
2012-07-15,,,,,,,0.0
2012-07-22,,,,,,,0.0
2012-07-29,,,,,,,0.0
2012-08-05,11,10,11,10,61640.0,"678,040",0.0
2012-08-12,11,10,11,10,41650.0,"458,150",0.0
2012-08-19,12,11,12,11,54040.0,"648,480",0.1
2012-08-26,,,,,,,0.0
2012-09-02,,,,,,,0.0
2012-09-09,11,10,11,10,60770.0,"668,470",-0.091
2012-09-16,11,11,11,10,42290.0,"465,190",0.1
2012-09-23,11,11,12,11,26610.0,"292,710",0.0
2012-09-30,12,12,12,11,27290.0,"327,480",0.091
2012-10-07,12,12,12,12,24830.0,"297,960",0.0
2012-10-14,11,11,11,10,97940.0,"1,077,340",-0.083
2012-10-21,11,11,12,11,27100.0,"298,100",0.0
2012-10-28,11,11,11,11,37620.0,"413,820",0.0
2012-11-04,11,10,11,10,40670.0,"447,370",-0.091
2012-11-11,,,,,,,0.0
2012-11-18,11,10,11,10,39220.0,"431,420",0.0
2012-11-25,11,11,11,11,25200.0,"277,200",0.1
2012-12-02,12,12,12,11,35910.0,"430,920",0.091
2012-12-09,12,12,12,12,26760.0,"321,120",0.0
2012-12-16,13,13,13,13,24670.0,"320,710",0.083
2012-12-23,13,13,13,12,63630.0,"827,190",0.0
2012-12-30,13,13,13,13,16690.0,"216,970",0.0
2013-01-06,13,13,13,13,15050.0,"195,650",0.0
2013-01-13,13,13,13,13,25480.0,"331,240",0.0
2013-01-20,14,14,14,14,22100.0,"309,400",0.077
2013-01-27,16,15,17,15,61500.0,"984,000",0.071
2013-02-03,18,17,18,17,57670.0,"1,038,060",0.133
2013-02-10,20,20,21,19,52220.0,"1,044,400",0.176
2013-02-17,24,24,24,23,29530.0,"708,720",0.2
2013-02-24,27,26,27,26,29740.0,"802,980",0.083
2013-03-03,30,29,30,29,26780.0,"803,400",0.115
2013-03-10,36,34,36,34,46770.0,"1,683,720",0.172
2013-03-17,48,46,48,45,41390.0,"1,986,720",0.353
2013-03-24,51,47,52,47,65310.0,"3,330,810",0.022
2013-03-31,73,71,78,69,79740.0,"5,821,020",0.511
2013-04-07,104,93,106,92,90560.0,"9,418,240",0.31
2013-04-14,187,162,194,162,114250.0,"21,364,750",0.742
2013-04-21,82,90,102,71,236670.0,"19,406,940",-0.444
2013-04-28,127,119,127,118,59150.0,"7,512,050",0.322
2013-05-05,144,134,149,133,70210.0,"10,110,240",0.126
2013-05-12,112,116,124,106,150070.0,"16,807,840",-0.134
2013-05-19,118,114,118,114,26180.0,"3,089,240",-0.017
2013-05-26,122,122,123,120,17320.0,"2,113,040",0.07
2013-06-02,129,133,135,124,46830.0,"6,041,070",0.09
2013-06-09,120,122,122,115,28900.0,"3,468,000",-0.083
2013-06-16,106,100,110,95,64319.99999999999,"6,817,920",-0.18
2013-06-23,101,99,102,98,15190.0,"1,534,190",-0.01
2013-06-30,102,107,108,100,28900.0,"2,947,800",0.081
2013-07-07,88,97,98,86,53170.0,"4,678,960",-0.093
2013-07-14,76,76,80,72,58990.0,"4,483,240",-0.216
2013-07-21,98,94,101,93,34510.0,"3,381,980",0.237
2013-07-28,91,92,92,89,9100.0,"828,100",-0.021
2013-08-04,101,98,102,98,24740.0,"2,498,740",0.065
2013-08-11,106,105,107,105,15440.0,"1,636,640",0.071
2013-08-18,106,105,108,103,20080.0,"2,128,480",0.0
2013-08-25,118,113,123,111,53070.0,"6,262,260",0.076
2013-09-01,120,122,123,119,11440.0,"1,372,800",0.08
2013-09-08,144,146,148,142,10650.0,"1,533,600",0.197
2013-09-15,133,126,137,124,29690.0,"3,948,770",-0.137
2013-09-22,139,138,142,137,10610.0,"1,474,790",0.095
2013-09-29,133,134,135,132,6000.0,"798,000",-0.029
2013-10-06,141,143,145,138,14630.0,"2,062,830",0.067
2013-10-13,135,137,139,135,7360.0,"993,600",-0.042
2013-10-20,151,147,153,146,29990.0,"4,528,490",0.073
2013-10-27,192,186,197,183,24100.0,"4,627,200",0.265
2013-11-03,206,206,209,200,11070.0,"2,280,420",0.108
2013-11-10,238,224,239,221,18060.0,"4,298,280",0.087
2013-11-17,363,336,376,321,18000.0,"6,534,000",0.5
2013-11-24,785,528,787,522,72070.0,"56,574,950",0.571
2013-12-01,830,795,850,759,26380.0,"21,895,400",0.506
2013-12-08,1096,1004,1117,975,37050.0,"40,606,800",0.263
2013-12-15,919,804,980,787,27630.0,"25,391,970",-0.199
2013-12-22,759,919,924,714,41330.0,"31,369,470",0.143
2013-12-29,713,639,724,631,15070.0,"10,744,910",-0.305
2014-01-05,804,785,818,781,10480.0,"8,425,920",0.228
2014-01-12,1012,1014,1093,964,23080.0,"23,356,960",0.292
2014-01-19,922,939,949,879,10130.0,"9,339,860",-0.074
2014-01-26,956,954,980,926,10410.0,"9,951,960",0.016
2014-02-02,943,1007,1021,937,8330.0,"7,855,190",0.056
2014-02-09,931,953,959,931,2790.0,"2,597,490",-0.054
2014-02-16,582,659,700,500,40130.0,"23,355,660",-0.308
2014-02-23,272,299,411,263,51440.0,"13,991,680",-0.546
2014-03-02,174,310,316,131,95120.0,"16,550,880",0.037
2014-03-09,662,544,695,545,1260.0,"834,120",0.755
2014-03-16,613,627,633,594,2630.0,"1,612,190",0.153
2014-03-23,606,619,622,602,3580.0,"2,169,480",-0.013
2014-03-30,567,551,572,531,3670.0,"2,080,890",-0.11
2014-04-06,444,446,473,422,4150.0,"1,842,600",-0.191
2014-04-13,462,455,485,448,3950.0,"1,824,900",0.02
2014-04-20,478,427,497,420,7620.0,"3,642,360",-0.062
2014-04-27,495,498,524,490,7350.0,"3,638,250",0.166
2014-05-04,441,443,451,420,4540.0,"2,002,140",-0.11
2014-05-11,430,436,443,426,3040.0,"1,307,200",-0.016
2014-05-18,438,433,441,430,1390.0,"608,820",-0.007
2014-05-25,443,450,451,441,1350.0,"598,050",0.039
2014-06-01,582,570,586,564,2960.0,"1,722,720",0.267
2014-06-08,655,649,662,625,4130.0,"2,705,150",0.139
2014-06-15,644,651,652,639,3260.0,"2,099,440",0.003
2014-06-22,599,582,606,580,3990.0,"2,390,010",-0.106
2014-06-29,591,603,604,582,2650.0,"1,566,150",0.036
2014-07-06,635,601,637,596,3830.0,"2,432,050",-0.003
2014-07-13,613,626,627,607,2530.0,"1,550,890",0.042
2014-07-20,618,628,629,616,2550.0,"1,575,900",0.003
2014-07-27,625,621,625,615,2530.0,"1,581,250",-0.011
2014-08-03,587,595,597,578,2330.0,"1,367,710",-0.042
2014-08-10,592,588,595,586,3420.0,"2,024,640",-0.012
2014-08-17,575,592,593,571,2570.0,"1,477,750",0.007
2014-08-24,462,485,493,450,6380.0,"2,947,560",-0.181
2014-08-31,502,509,511,499,2740.0,"1,375,480",0.049
2014-09-07,477,481,487,471,6790.0,"3,238,830",-0.055
2014-09-14,475,485,487,469,8140.000000000001,"3,866,500",0.008
2014-09-21,477,477,479,473,5630.0,"2,685,510",-0.016
2014-09-28,404,401,410,398,13520.0,"5,462,080",-0.159
2014-10-05,376,379,389,372,20690.0,"7,779,440",-0.055
2014-10-12,331,322,347,303,41170.0,"13,627,270",-0.15
2014-10-19,387,373,391,366,23580.0,"9,125,460",0.158
2014-10-26,380,387,387,378,10560.0,"4,012,800",0.038
2014-11-02,350,348,356,344,10600.0,"3,710,000",-0.101
2014-11-09,324,322,332,321,13430.0,"4,351,320",-0.075
2014-11-16,367,362,374,356,22810.0,"8,371,270",0.124
2014-11-23,384,385,412,378,27600.0,"10,598,400",0.064
2014-11-30,378,365,388,361,24570.0,"9,287,460",-0.052
2014-12-07,378,374,383,373,19670.0,"7,435,260",0.025
2014-12-14,365,376,377,364,22920.0,"8,365,800",0.005
2014-12-21,345,349,351,343,22160.0,"7,645,200",-0.072
2014-12-28,330,322,335,319,35360.0,"11,668,800",-0.077
2015-01-04,314,316,321,308,20360.0,"6,393,040",-0.019
2015-01-11,274,264,278,262,54990.0,"15,067,260",-0.165
2015-01-18,269,264,273,263,25390.0,"6,829,910",0.0
2015-01-25,215,210,219,205,31580.0,"6,789,700",-0.205
2015-02-01,269,252,310,251,105710.0,"28,435,990",0.2
2015-02-08,238,225,242,220,39020.0,"9,286,760",-0.107
2015-02-15,220,223,225,215,91690.0,"20,171,800",-0.009
2015-02-22,235,233,240,228,115470.0,"27,135,450",0.045
2015-03-01,238,235,240,231,62670.0,"14,915,460",0.009
2015-03-08,273,257,274,256,81090.0,"22,137,570",0.094
2015-03-15,290,274,293,273,151770.0,"44,013,300",0.066
2015-03-22,290,284,294,284,66340.0,"19,238,600",0.036
2015-03-29,265,268,271,259,81450.0,"21,584,250",-0.056
2015-04-05,246,242,248,236,85330.0,"20,991,180",-0.097
2015-04-12,255,259,261,252,45930.0,"11,712,150",0.07
2015-04-19,223,235,236,220,105150.0,"23,448,450",-0.093
2015-04-26,224,223,226,221,44870.0,"10,050,880",-0.051
2015-05-03,229,218,242,216,123410.0,"28,260,890",-0.022
2015-05-10,239,240,243,237,69120.0,"16,519,680",0.101
2015-05-17,241,240,243,238,57170.0,"13,777,970",0.0
2015-05-24,232,236,237,231,53140.0,"12,328,480",-0.017
2015-05-31,237,241,241,235,26390.0,"6,254,430",0.021
2015-06-07,223,229,231,221,87060.0,"19,414,380",-0.05
2015-06-14,228,223,229,223,74150.0,"16,906,200",-0.026
2015-06-21,237,233,238,233,63470.0,"15,042,390",0.045
2015-06-28,247,244,248,243,47590.0,"11,754,730",0.047
2015-07-05,257,248,257,248,92640.0,"23,808,480",0.016
2015-07-12,269,270,277,266,90580.0,"24,366,020",0.089
2015-07-19,290,310,310,276,146850.0,"42,586,500",0.148
2015-07-26,277,273,278,271,46600.0,"12,908,200",-0.119
2015-08-02,293,291,295,285,69710.0,"20,425,030",0.066
2015-08-09,281,281,285,278,45890.0,"12,895,090",-0.034
2015-08-16,263,263,266,260,48570.0,"12,773,910",-0.064
2015-08-23,257,257,259,252,47880.0,"12,305,160",-0.023
2015-08-30,211,226,228,207,196700.0,"41,503,700",-0.121
2015-09-06,229,228,231,224,54510.0,"12,482,790",0.009
2015-09-13,239,239,242,237,57190.0,"13,668,410",0.048
2015-09-20,229,230,232,226,61100.0,"13,991,900",-0.038
2015-09-27,226,231,231,225,53430.0,"12,075,180",0.004
2015-10-04,238,232,240,232,64280.0,"15,298,640",0.004
2015-10-11,240,238,240,236,61240.0,"14,697,600",0.026
2015-10-18,245,247,248,244,40390.0,"9,895,550",0.038
2015-10-25,263,261,266,259,58170.0,"15,298,710",0.057
2015-11-01,285,287,287,279,73210.0,"20,864,850",0.1
2015-11-08,359,323,365,319,223100.0,"80,092,900",0.125
2015-11-15,380,371,385,360,125540.0,"47,705,200",0.149
2015-11-22,330,317,332,314,87140.0,"28,756,200",-0.146
2015-11-29,322,322,325,319,42730.0,"13,759,060",0.016
2015-12-06,378,370,382,367,129770.00000000001,"49,053,060",0.149
2015-12-13,394,393,398,381,96750.0,"38,119,500",0.062
2015-12-20,442,434,449,428,218920.0,"96,762,640",0.104
2015-12-27,437,441,445,424,121990.0,"53,309,630",0.016
2016-01-03,421,422,429,417,68350.0,"28,775,350",-0.043
2016-01-10,433,430,435,428,53010.0,"22,953,330",0.019
2016-01-17,447,446,451,441,56590.0,"25,295,730",0.037
2016-01-24,384,382,387,373,69300.0,"26,611,200",-0.143
2016-01-31,392,402,403,386,67660.0,"26,522,720",0.052
2016-02-07,372,369,379,365,74350.0,"27,658,200",-0.082
2016-02-14,372,377,380,372,62240.0,"23,153,280",0.022
2016-02-21,401,405,410,396,86130.0,"34,538,130",0.074
2016-02-28,437,437,440,431,56010.0,"24,476,370",0.079
2016-03-06,436,432,441,429,68770.0,"29,983,720",-0.011
2016-03-13,414,406,416,402,61770.0,"25,572,780",-0.06
2016-03-20,414,412,416,411,49330.0,"20,422,620",0.015
2016-03-27,411,411,413,407,43160.0,"17,738,760",-0.002
2016-04-03,422,424,425,419,43450.0,"18,335,900",0.032
2016-04-10,419,419,420,416,33440.0,"14,011,360",-0.012
2016-04-17,421,420,422,418,36390.0,"15,320,190",0.002
2016-04-24,427,426,429,424,32580.0,"13,911,660",0.014
2016-05-01,461,457,466,451,81660.0,"37,645,260",0.073
2016-05-08,444,452,453,440,73850.0,"32,789,400",-0.011
2016-05-15,460,457,464,455,48420.0,"22,273,200",0.011
2016-05-22,454,458,459,450,36600.0,"16,616,400",0.002
2016-05-29,443,439,445,438,35900.0,"15,903,700",-0.041
2016-06-05,532,516,544,512,77530.0,"41,245,960",0.175
2016-06-12,583,574,586,571,63680.0,"37,125,440",0.112
2016-06-19,700,666,718,652,216730.0,"151,711,000",0.16
2016-06-26,734,761,764,717,112290.0,"82,420,860",0.143
2016-07-03,644,625,650,615,99810.0,"64,277,640",-0.179
2016-07-10,675,661,679,644,63910.0,"43,139,250",0.058
2016-07-17,646,647,657,640,45940.0,"29,677,240",-0.021
2016-07-24,670,676,680,664,42580.0,"28,528,600",0.045
2016-07-31,654,659,662,651,34380.0,"22,484,520",-0.025
2016-08-07,607,621,627,603,66660.0,"40,462,620",-0.058
2016-08-14,589,590,594,585,24880.0,"14,654,320",-0.05
2016-08-21,567,569,575,559,33770.0,"19,147,590",-0.036
2016-08-28,587,580,591,577,33560.0,"19,699,720",0.019
2016-09-04,574,575,578,571,23860.0,"13,695,640",-0.009
2016-09-11,605,609,610,598,25290.0,"15,300,450",0.059
2016-09-18,608,605,610,603,27950.0,"16,993,600",-0.007
2016-09-25,609,610,612,607,21240.0,"12,935,160",0.008
2016-10-02,606,601,608,598,27510.0,"16,671,060",-0.015
2016-10-09,611,610,613,608,21950.0,"13,411,450",0.015
2016-10-16,617,615,618,612,25230.0,"15,566,910",0.008
2016-10-23,637,640,641,634,27690.0,"17,638,530",0.041
2016-10-30,650,653,654,645,33240.0,"21,606,000",0.02
2016-11-06,698,697,707,682,38050.0,"26,558,900",0.067
2016-11-13,705,709,711,698,30740.0,"21,671,700",0.017
2016-11-20,704,702,708,696,37750.0,"26,576,000",-0.01
2016-11-27,736,728,744,726,32509.999999999996,"23,927,360",0.037
2016-12-04,733,729,738,727,34120.0,"25,009,960",0.001
2016-12-11,754,766,769,746,51170.0,"38,582,180",0.051
2016-12-18,778,767,781,767,28760.0,"22,375,280",0.001
2016-12-25,789,789,793,786,25460.0,"20,087,940",0.029
2017-01-01,898,891,909,885,38790.0,"34,833,420",0.129
2017-01-08,1017,995,1031,990,64950.0,"66,054,150",0.117
2017-01-15,899,900,910,870,62580.0,"56,259,420",-0.095
2017-01-22,827,821,836,817,33220.0,"27,472,940",-0.088
2017-01-29,921,918,928,910,32740.000000000004,"30,153,540",0.118
2017-02-05,920,914,922,911,19060.0,"17,535,200",-0.004
2017-02-12,1024,1016,1030,1010,32020.000000000004,"32,788,480",0.112
2017-02-19,995,996,1007,975,32910.0,"32,745,450",-0.02
2017-02-26,1077,1048,1081,1041,31010.0,"33,397,770",0.052
2017-03-05,1188,1171,1195,1164,35470.0,"42,138,360",0.117
2017-03-12,1277,1271,1280,1261,31030.0,"39,625,310",0.085
2017-03-19,1238,1225,1245,1205,60460.0,"74,849,480",-0.036
2017-03-26,1047,1022,1057,1005,61430.0,"64,317,210",-0.166
2017-04-02,1045,969,1048,961,91260.0,"95,366,700",-0.052
2017-04-09,1147,1097,1157,1095,98500.0,"112,979,500",0.132
2017-04-16,1206,1204,1214,1194,40010.0,"48,252,060",0.098
2017-04-23,1194,1176,1203,1172,46480.0,"55,497,120",-0.023
2017-04-30,1248,1249,1256,1234,38540.0,"48,097,920",0.062
2017-05-07,1415,1351,1448,1342,100440.0,"142,122,600",0.082
2017-05-14,1664,1554,1667,1552,107230.0,"178,430,720",0.15
2017-05-21,1708,1772,1776,1656,80240.0,"137,049,920",0.14
2017-05-28,2124,2044,2264,1998,174380.0,"370,383,120",0.153
2017-06-04,2278,2189,2337,2117,92240.0,"210,122,720",0.071
2017-06-11,2705,2524,2705,2523,86690.0,"234,496,450",0.153
2017-06-18,2656,2973,2985,2483,217960.0,"578,901,760",0.178
2017-06-25,2616,2539,2617,2518,81830.0,"214,067,280",-0.146
2017-07-02,2446,2541,2584,2327,165830.0,"405,620,180",0.001
2017-07-09,2572,2536,2617,2506,83420.0,"214,556,240",-0.002
2017-07-16,2344,2511,2530,2271,123800.0,"290,187,200",-0.01
2017-07-23,2233,1914,2233,1913,176890.0,"394,995,370",-0.238
2017-07-30,2763,2756,2798,2715,83010.0,"229,356,630",0.44
2017-08-06,2883,2766,2916,2723,91120.0,"262,698,960",0.004
2017-08-13,3401,3232,3425,3198,88110.0,"299,662,110",0.168
2017-08-20,4327,4062,4336,3978,128460.00000000001,"555,846,420",0.257
2017-08-27,4005,4066,4097,3966,90650.0,"363,053,250",0.001
2017-09-03,4390,4345,4403,4195,75490.0,"331,401,100",0.069
2017-09-10,4267,4612,4621,4098,170400.0,"727,096,800",0.061
2017-09-17,4217,4245,4364,4134,88760.0,"374,300,920",-0.08
2017-09-24,4100,3689,4122,3689,147930.0,"606,513,000",-0.131
2017-10-01,3932,3667,3971,3665,100200.0,"393,986,400",-0.006
2017-10-08,4401,4403,4477,4364,71200.0,"313,351,200",0.201
2017-10-15,4777,4611,4875,4556,110190.0,"526,377,630",0.047
2017-10-22,5759,5677,5795,5576,61360.0,"353,372,240",0.231
2017-10-29,5903,5982,6049,5644,137140.0,"809,537,420",0.054
2017-11-05,6124,6147,6226,6019,78620.0,"481,468,880",0.028
2017-11-12,6959,7389,7429,6934,159690.0,"1,111,282,710",0.202
2017-11-19,6522,5878,6760,5828,178340.0,"1,163,133,480",-0.204
2017-11-26,8244,8042,8294,7947,75700.0,"624,070,800",0.368
2017-12-03,9733,9318,9733,9316,106900.0,"1,040,457,700",0.159
2017-12-10,11623,11244,11624,10917,93170.0,"1,082,914,910",0.207
2017-12-17,16732,15060,17399,15024,159730.0,"2,672,602,360",0.339
2017-12-24,18972,19065,19221,18114,139250.0,"2,641,851,000",0.266
2017-12-31,13833,13790,14467,13010,107480.0,"1,486,770,840",-0.277
2018-01-07,13444,13850,13921,12877,78430.0,"1,054,412,920",0.004
2018-01-14,14976,16228,16302,13902,142450.0,"2,133,331,200",0.172
2018-01-21,13697,13695,14396,13475,73270.0,"1,003,579,190",-0.156
2018-01-28,10864,11597,11970,10136,201730.0,"2,191,594,720",-0.153
2018-02-04,11244,11794,11888,11119,137420.0,"1,545,150,480",0.017
2018-02-11,6938,8220,8383,6651,593890.0,"4,120,408,820",-0.303
2018-02-18,8903,8083,8984,8083,238670.0,"2,124,879,010",-0.017
2018-02-25,11169,10396,11250,10324,215200.0,"2,403,568,800",0.286
2018-03-04,10285,9590,10378,9410,235940.0,"2,426,642,900",-0.078
2018-03-11,11330,11415,11506,11281,162110.0,"1,836,706,300",0.19
2018-03-18,9137,9535,9892,8804,257910.00000000003,"2,356,523,670",-0.165
2018-03-25,8616,8200,8698,8127,316960.0,"2,730,927,360",-0.14
2018-04-01,8143,8474,8515,7865,247180.0,"2,012,786,740",0.033
2018-04-08,7068,6825,7121,6787,199310.0,"1,408,723,080",-0.195
2018-04-15,6781,7035,7192,6633,241190.0,"1,635,509,390",0.031
2018-04-22,8070,8362,8412,7908,197700.0,"1,595,439,000",0.189
2018-04-29,8952,8809,9001,8785,147540.0,"1,320,778,080",0.053
2018-05-06,9245,9415,9456,9135,156830.0,"1,449,893,350",0.069
2018-05-13,9431,9651,9675,9204,165080.0,"1,556,869,480",0.025
2018-05-20,8674,8693,8878,8305,212050.0,"1,839,321,700",-0.099
2018-05-27,8403,8529,8550,8375,115520.0,"970,714,560",-0.019
2018-06-03,7119,7367,7446,7090,152290.0,"1,084,152,510",-0.136
2018-06-10,7504,7729,7759,7468,141010.0,"1,058,139,040",0.049
2018-06-17,6885,6775,6910,6657,174880.0,"1,204,048,800",-0.123
2018-06-24,6719,6460,6794,6410,135700.0,"911,768,300",-0.046
2018-07-01,6256,6155,6331,6101,210690.0,"1,318,076,640",-0.047
2018-07-08,6619,6349,6680,6275,179920.0,"1,190,890,480",0.032
2018-07-15,6667,6715,6793,6637,289480.0,"1,929,963,160",0.058
2018-07-22,6729,6362,6749,6344,312120.0,"2,100,255,480",-0.053
2018-07-29,7723,7412,7809,7379,272150.0,"2,101,814,450",0.165
2018-08-05,8177,8214,8262,7874,242210.0,"1,980,551,170",0.108
2018-08-12,6943,7027,7143,6852,168870.0,"1,172,464,410",-0.145
2018-08-19,6255,6313,6524,6159,234090.0,"1,464,232,950",-0.102
2018-08-26,6268,6474,6516,6255,3100.0,"19,430,800",0.026
2018-09-02,6897,6712,6902,6650,3260.0,"22,484,220",0.037
2018-09-09,7264,7289,7330,7182,3870.0,"28,111,680",0.086
2018-09-16,6321,6238,6358,6237,3110.0,"19,658,310",-0.144
2018-09-23,6251,6500,6533,6215,3260.0,"20,378,260",0.042
2018-09-30,6584,6713,6728,6559,7570.0,"49,840,880",0.033
2018-10-07,6608,6635,6674,6072,9190.0,"60,727,520",-0.012
2018-10-14,6669,6611,6699,6589,119680.0,"798,145,920",-0.004
2018-10-21,6699,6326,7358,6300,443330.0,"2,969,867,670",-0.043
2018-10-28,6555,6583,6612,6529,101570.0,"665,791,350",0.041
2018-11-04,6335,6486,6498,6310,160520.0,"1,016,894,200",-0.015
2018-11-11,6459,6478,6489,6431,128509.99999999999,"830,046,090",-0.001
2018-11-18,6435,6445,6475,6409,130160.0,"837,579,600",-0.005
2018-11-25,4883,5660,5662,4831,478260.0,"2,335,343,580",-0.122
2018-12-02,3837,4061,4179,3679,571040.0,"2,191,080,480",-0.283
2018-12-09,3897,4160,4177,3839,355100.0,"1,383,824,700",0.024
2018-12-16,3460,3566,3622,3412,394490.0,"1,364,935,400",-0.143
2018-12-23,3526,3248,3597,3243,534780.0,"1,885,634,280",-0.089
2018-12-30,4026,3944,4208,3941,716290.0,"2,883,783,540",0.214
2019-01-06,3709,3815,3819,3658,545830.0,"2,024,483,470",-0.033
2019-01-13,3985,4004,4028,3945,500880.0,"1,996,006,800",0.05
2019-01-20,3638,3490,3672,3490,539930.0,"1,964,265,340",-0.128
2019-01-27,3536,3542,3561,3505,394170.0,"1,393,785,120",0.015
2019-02-03,3442,3555,3561,3395,620850.0,"2,136,965,700",0.004
2019-02-10,3462,3459,3479,3437,503920.0,"1,744,571,040",-0.027
2019-02-17,3631,3678,3681,3623,517280.0,"1,878,243,680",0.063
2019-02-24,3896,3664,3903,3655,933150.0,"3,635,552,400",-0.004
2019-03-03,3833,3755,3870,3753,765870.0,"2,935,579,710",0.025
2019-03-10,3715,3809,3828,3681,2850.0,"10,587,750",0.014
2019-03-17,3870,3915,3935,3842,3190.0,"12,345,300",0.028
2019-03-24,3990,3981,4032,3958,2620.0,"10,453,800",0.017
2019-03-31,3937,3994,4000,3897,2860.0,"11,259,820",0.003
2019-04-07,4145,4102,4159,4076,3220.0,"13,346,900",0.027
2019-04-14,5245,5173,5300,5060,928230.0,"4,868,566,350",0.261
2019-04-21,5032,5135,5168,4964,688200.0,"3,463,022,400",-0.007
2019-04-28,5346,5248,5370,5170,920770.0,"4,922,436,420",0.022
2019-05-05,5235,5302,5322,5188,775820.0,"4,061,417,700",0.01
2019-05-12,5745,5775,5801,5630,755390.0,"4,339,715,550",0.089
2019-05-19,7806,6984,8058,6893,1200.0,"9,367,200",0.209
2019-05-26,7965,8156,8156,7604,958810.0,"7,636,921,650",0.168
2019-06-02,8760,8628,8902,8607,907960.0,"7,953,729,600",0.058
2019-06-09,8124,8728,8734,8102,739450.0,"6,007,291,800",0.012
2019-06-16,7987,7635,8012,7523,641380.0,"5,122,702,060",-0.125
2019-06-23,9318,8961,9438,8959,738800.0,"6,884,138,400",0.174
2019-06-30,11046,10897,11114,10622,566960.0,"6,262,640,160",0.216
2019-07-07,10616,10821,11254,10041,1040.0,"11,040,640",-0.007
2019-07-14,12252,11415,12332,11304,695600.0,"8,522,491,200",0.055
2019-07-21,10845,10199,11064,9885,956520.0,"10,373,459,400",-0.107
2019-07-28,10412,10715,10806,10196,591270.0,"6,156,303,240",0.051
2019-08-04,9580,9728,9835,9502,510900.0,"4,894,422,000",-0.092
2019-08-11,11816,10934,11922,10934,769630.0,"9,093,948,080",0.124
2019-08-18,11394,11505,11508,11267,391080.0,"4,455,965,520",0.052
2019-08-25,10910,10312,10923,10267,519010.0,"5,662,399,100",-0.104
2019-09-01,10371,10136,10568,10136,568770.0,"5,898,713,670",-0.017
2019-09-08,10348,9728,10431,9720,542790.0,"5,616,790,920",-0.04
2019-09-15,10309,10402,10478,10095,473760.0,"4,883,991,840",0.069
2019-09-22,10255,10311,10360,10108,372530.0,"3,820,295,150",-0.009
2019-09-29,9702,10031,10048,9656,431100.0,"4,182,532,200",-0.027
2019-10-06,8284,8048,8318,7749,600260.0,"4,972,553,840",-0.198
2019-10-13,8198,7882,8293,7797,604740.0,"4,957,658,520",-0.021
2019-10-20,8353,8281,8374,8222,505020.0,"4,218,432,060",0.051
2019-10-27,8208,8224,8315,8155,489400.0,"4,016,995,200",-0.007
2019-11-03,9207,9530,9866,9202,1040.0,"9,575,280",0.159
2019-11-10,9396,9198,9500,9134,681010.0,"6,398,769,960",-0.035
2019-11-17,8736,9036,9066,8649,601160.0,"5,251,733,760",-0.018
2019-11-24,8208,8510,8516,8110,692600.0,"5,684,860,800",-0.058
2019-12-01,7115,6924,7352,6534,1290.0,"9,178,350",-0.186
2019-12-08,7298,7395,7433,7173,687780.0,"5,019,418,440",0.068
2019-12-15,7355,7524,7626,7321,648660.0,"4,770,894,300",0.017
2019-12-22,6903,7128,7153,6864,689560.0,"4,760,032,680",-0.053
2019-12-29,7322,7496,7684,7276,952160.0,"6,971,715,520",0.052
2020-01-05,7261,7397,7420,7244,606110.0,"4,400,964,710",-0.013
2020-01-12,7759,7372,7783,7366,786750.0,"6,104,393,250",-0.003
2020-01-19,8111,8188,8196,8068,610660.0,"4,953,063,260",0.111
2020-01-26,8641,8705,8740,8539,599060.0,"5,176,477,460",0.063
2020-02-02,8866,8608,8983,8585,706450.0,"6,263,385,700",-0.011
2020-02-09,9296,9334,9582,9243,701390.0,"6,520,121,440",0.084
2020-02-16,9854,10151,10181,9774,781220.0,"7,698,141,880",0.088
2020-02-23,9701,9931,9951,9468,961880.0,"9,331,197,880",-0.022
2020-03-01,9662,9943,9981,9507,980000.0,"9,468,760,000",0.001
2020-03-08,8904,8537,8961,8503,1020.0,"9,082,080",-0.141
2020-03-15,7933,8035,8158,7648,1540.0,"12,216,820",-0.059
2020-03-22,5030,5366,5369,4477,2550.0,"12,826,500",-0.332
2020-03-29,6468,5822,6564,5710,1880.0,"12,159,840",0.085
2020-04-05,6391,5890,6576,5872,1430.0,"9,139,130",0.012
2020-04-12,7332,6772,7335,6770,1530.0,"11,217,960",0.15
2020-04-19,6841,6918,6920,6618,1250.0,"8,551,250",0.022
2020-04-26,6833,7122,7207,6771,1260.0,"8,609,580",0.029
2020-05-03,7766,7679,7768,7637,980500.0,"7,614,563,000",0.078
2020-05-10,8874,8885,8945,8553,1120.0,"9,938,880",0.157
2020-05-17,8579,8737,9129,8235,2290.0,"19,645,910",-0.017
2020-05-24,9730,9678,9930,9524,1180.0,"11,481,400",0.108
2020-05-31,8898,8728,8959,8666,941890.0,"8,380,937,220",-0.098
2020-06-07,10189,9454,10301,9429,796680.0,"8,117,372,520",0.083
2020-06-14,9777,9743,9788,9662,431040.0,"4,214,278,080",0.031
2020-06-21,9425,9345,9489,8925,750900.0,"7,077,232,500",-0.041
2020-06-28,9683,9296,9751,9285,523320.00000000006,"5,067,307,560",-0.005
2020-07-05,9185,9122,9229,9033,401120.0,"3,684,287,200",-0.019
2020-07-12,9339,9080,9363,9063,510270.0,"4,765,411,530",-0.005
2020-07-19,9243,9300,9329,9207,456870.0,"4,222,849,410",0.024
2020-07-26,9162,9208,9218,9139,312980.0,"2,867,522,760",-0.01
2020-08-02,11022,9932,11367,9894,908990.0,"10,018,887,780",0.079
2020-08-09,11224,11066,11461,10981,470240.0,"5,277,973,760",0.114
2020-08-16,11889,11681,12041,11546,564110.0,"6,706,703,790",0.056
2020-08-23,12282,11898,12444,11764,628410.0,"7,718,131,620",0.019
2020-08-30,11753,11641,11824,11587,429130.0,"5,043,564,890",-0.022
2020-09-06,11644,11701,11760,11563,496140.0,"5,777,054,160",0.005
2020-09-13,10376,10296,10400,9887,12400.0,"128,662,400",-0.12
2020-09-20,10675,10332,10744,10264,96640.0,"1,031,632,000",0.003
2020-09-27,10416,10919,10987,10328,109850.0,"1,144,197,600",0.057
2020-10-04,10693,10776,10946,10685,72290.0,"772,996,970",-0.013
2020-10-11,10789,10672,10789,10623,48860.0,"527,150,540",-0.01
2020-10-18,11533,11370,11715,11227,84020.0,"969,002,660",0.065
2020-10-25,11753,11507,11823,11413,73040.0,"858,439,120",0.012
2020-11-01,13061,13033,13229,12792,89470.0,"1,168,567,670",0.133
2020-11-08,13561,13759,13828,13214,97760.0,"1,325,723,360",0.056
2020-11-15,15327,15483,15819,14816,165040.0,"2,529,568,080",0.125
2020-11-22,16715,15954,16880,15870,118090.0,"1,973,874,350",0.03
2020-11-29,18379,18428,18756,18016,127350.0,"2,340,565,650",0.155
2020-12-06,19698,18186,19831,18186,185590.0,"3,655,751,820",-0.013
2020-12-13,19170,19368,19424,18908,61980.0,"1,188,156,600",0.065
2020-12-20,19273,19176,19346,19007,67110.0,"1,293,411,030",-0.01
2020-12-27,22728,23474,24101,22015,154690.0,"3,515,794,320",0.224
2021-01-03,27057,26259,27444,26144,126980.0,"3,435,697,860",0.119
2021-01-10,32022,33016,33587,28204,255270.0,"8,174,255,940",0.257
2021-01-17,35544,38195,38217,30411,251040.0,"8,922,965,760",0.157
2021-01-24,36613,35838,37436,34801,111520.0,"4,083,081,760",-0.062
2021-01-31,32252,32244,34854,31967,142430.0,"4,593,652,360",-0.1
2021-02-07,33515,33106,34685,32324,126320.0,"4,233,614,800",0.027
2021-02-14,46395,38853,46596,38057,248470.0,"11,527,765,650",0.174
2021-02-21,47936,48611,48936,45786,123180.0,"5,904,756,480",0.251
2021-02-28,54111,57437,57480,48353,244950.0,"13,254,489,450",0.182
2021-03-07,49595,45160,49774,45008,137520.0,"6,820,304,400",-0.214
2021-03-14,52311,50988,52384,49338,68140.0,"3,564,471,540",0.129
2021-03-21,55791,59117,60565,55088,117710.0,"6,567,158,610",0.159
2021-03-28,54158,57379,58379,53784,95530.0,"5,173,713,740",-0.029
2021-04-04,57616,55764,58392,54951,107910.0,"6,217,342,560",-0.028
2021-04-11,58993,58202,59205,56842,54130.0,"3,193,291,090",0.044
2021-04-18,59863,59982,61259,59569,81880.0,"4,901,582,440",0.031
2021-04-25,55646,56208,57517,54272,117510.0,"6,538,961,460",-0.063
2021-05-02,54020,48963,54320,48815,129759.99999999999,"7,009,635,200",-0.129
2021-05-09,57169,56605,58925,56562,89240.0,"5,101,761,560",0.156
2021-05-16,55848,58251,59523,53678,142610.0,"7,964,483,280",0.029
2021-05-23,43541,46424,46545,42201,274760.0,"11,963,325,160",-0.203
2021-05-30,38750,34720,39851,34474,244880.0,"9,489,100,000",-0.252
2021-06-06,37298,35644,37480,34213,131700.0,"4,912,146,600",0.027
2021-06-13,33578,35815,36754,33410,119500.0,"4,012,571,000",0.005
2021-06-20,40529,39024,40970,38769,157350.0,"6,377,238,150",0.09
2021-06-27,31692,35597,35708,31284,256870.0,"8,140,724,040",-0.088
2021-07-04,34475,34682,35231,33944,112000.0,"3,861,200,000",-0.026
2021-07-11,33687,35297,35300,33164,88360.0,"2,976,583,320",0.018
2021-07-18,33113,34228,34598,32662,63240.0,"2,094,066,120",-0.03
2021-07-25,30837,31782,31887,30478,77480.0,"2,389,250,760",-0.071
2021-08-01,37276,35392,40522,35236,177630.0,"6,621,335,880",0.114
2021-08-08,39168,39869,40449,38692,74810.0,"2,930,158,080",0.126
2021-08-15,46284,43794,46460,42824,117080.0,"5,418,930,720",0.098
2021-08-22,45996,46991,48002,45672,2410.0,"110,850,360",0.073
2021-08-29,49539,49255,50498,49038,75370.0,"3,733,754,430",0.048
2021-09-05,46992,48777,48886,46876,61680.0,"2,898,466,560",-0.01
2021-09-12,52672,51769,52726,51002,69460.0,"3,658,597,120",0.061
2021-09-19,44949,46060,46807,43463,96150.0,"4,321,846,350",-0.11
2021-09-26,42870,47240,47323,42547,77960.0,"3,342,145,200",0.026
2021-10-03,42172,43200,44293,42143,54120.0,"2,282,348,640",-0.086
2021-10-10,49227,48200,49481,46958,66920.0,"3,294,270,840",0.116
2021-10-17,57477,54686,57814,54457,73840.0,"4,244,101,680",0.135
2021-10-24,62056,61525,62623,60026,80150.0,"4,973,788,400",0.125
2021-10-31,63067,60864,63694,60655,51060.0,"3,220,201,020",-0.011
2021-11-07,60915,61310,62430,59612,61210.0,"3,728,607,150",0.007
2021-11-14,67527,63276,67763,63276,81080.0,"5,475,089,160",0.032
2021-11-21,63597,65514,66311,63439,53530.0,"3,404,347,410",0.035
2021-11-28,56308,58719,59288,55656,76450.0,"4,304,746,600",-0.104
2021-12-05,57794,57288,58855,56726,58650.0,"3,389,618,100",-0.024
2021-12-12,50562,49412,50913,47237,89680.0,"4,534,400,160",-0.137
2021-12-19,46703,50075,50196,45848,80370.0,"3,753,520,110",0.013
2021-12-26,46895,46703,47488,45577,57530.0,"2,697,869,350",-0.067
2022-01-02,50678,50783,52016,50459,43900.0,"2,224,764,200",0.087
2022-01-09,46430,47293,47556,45704,41060.0,"1,906,415,800",-0.069
2022-01-16,41832,41848,42243,39697,85500.0,"3,576,636,000",-0.115
2022-01-23,42209,43080,43179,41559,41440.0,"1,749,140,960",0.029
2022-01-30,36686,36268,37424,32985,153770.0,"5,641,206,220",-0.158
2022-02-06,38498,37923,38701,36672,61270.0,"2,358,772,460",0.046
2022-02-13,43833,42385,44468,41695,76600.0,"3,357,607,800",0.118
2022-02-20,42550,42061,42799,41591,53600.0,"2,280,680,000",-0.008
2022-02-27,37017,38355,39444,36868,91820.0,"3,398,900,940",-0.088
2022-03-06,43188,37707,43977,37458,108070.0,"4,667,327,160",-0.017
2022-03-13,38024,38420,39532,37182,3020.0,"114,832,480",0.019
2022-03-20,39671,37789,39914,37613,2330.0,"92,433,430",-0.016
2022-03-27,41022,41282,41532,40530,406620.0,"16,680,365,640",0.092
2022-04-03,47105,46859,48199,46672,610270.0,"28,746,768,350",0.135
2022-04-10,46629,46407,46899,45152,446120.0,"20,802,129,480",-0.01
2022-04-17,39497,42144,42418,39202,608380.0,"24,029,184,860",-0.092
2022-04-24,40803,39700,41095,38577,484260.0,"19,759,260,780",-0.058
2022-05-01,40427,39464,40599,38233,654600.0,"26,463,514,200",-0.006
2022-05-08,38514,38472,39134,38061,580790.0,"22,368,546,060",-0.025
2022-05-15,30095,34041,34227,30095,268090.0,"8,068,168,550",-0.115
2022-05-22,29849,31308,31312,29135,100250.0,"2,992,362,250",-0.08
2022-05-29,29093,30287,30644,28913,92100.0,"2,679,465,300",-0.033
2022-06-05,31723,29465,32185,29307,129560.0,"4,110,031,880",-0.027
2022-06-12,31367,29911,31753,29888,94010.0,"2,948,811,670",0.015
2022-06-19,22448,26606,26857,22006,379260.0,"8,513,628,480",-0.11
2022-06-26,20572,20576,20996,19658,140600.0,"2,892,423,200",-0.227
2022-07-03,20730,21037,21497,20568,84690.0,"1,755,623,700",0.022
2022-07-10,20215,19310,20303,19052,92790.0,"1,875,749,850",-0.082
2022-07-17,19963,20847,20855,19897,160200.0,"3,198,072,600",0.08
2022-07-24,22525,20785,22714,20770,279720.0,"6,300,693,000",-0.003
2022-07-31,21301,22582,22653,21275,206930.0,"4,407,815,930",0.086
2022-08-07,23271,23303,23484,22863,162330.0,"3,777,581,430",0.032
2022-08-14,23816,23175,24234,23160,197940.0,"4,714,139,040",-0.005
2022-08-21,24101,24303,25205,23784,279280.0,"6,730,927,280",0.049
2022-08-28,21416,21516,21517,20912,251830.0,"5,393,191,280",-0.115
2022-09-04,20295,19551,20394,19551,248040.0,"5,033,971,800",-0.091
2022-09-11,19793,19999,20042,19650,238710.0,"4,724,787,030",0.023
2022-09-18,22395,21836,22465,21581,431980.0,"9,674,192,100",0.092
2022-09-25,19538,19417,19666,18277,423430.0,"8,272,975,340",-0.111
2022-10-02,19225,18803,19304,18695,516030.0,"9,920,676,750",-0.032
2022-10-09,19628,19057,19676,19001,333030.0,"6,536,712,840",0.014
2022-10-16,19134,19441,19520,19057,243770.0,"4,664,295,180",0.02
2022-10-23,19548,19262,19663,19163,248400.0,"4,855,723,200",-0.009
2022-10-30,19331,19571,19588,19177,286940.0,"5,546,837,140",0.016
2022-11-06,20496,20626,20822,20260,327470.0,"6,711,825,120",0.054
2022-11-13,20589,20916,21055,20410,414240.0,"8,528,787,360",0.014
2022-11-20,16613,16325,17158,15834,442460.0,"7,350,587,980",-0.219
2022-11-27,15776,16278,16287,15504,372150.0,"5,871,038,400",-0.003
2022-12-04,16211,16426,16481,16013,284840.0,"4,617,541,240",0.009
2022-12-11,16966,17106,17395,16886,268720.0,"4,559,103,520",0.041
2022-12-18,17210,17093,17232,16878,249390.0,"4,292,001,900",-0.001
2022-12-25,16441,16741,16809,16331,207930.0,"3,418,577,130",-0.021
2023-01-01,16918,16831,16936,16799,133360.0,"2,256,184,480",0.005
2023-01-08,16674,16618,16766,16551,136030.0,"2,268,164,220",-0.013
2023-01-15,17180,17119,17390,17107,301240.0,"5,175,303,200",0.03
2023-01-22,21184,20880,21416,20698,337460.0,"7,148,752,640",0.22
2023-01-29,22915,22709,23161,22527,327850.0,"7,512,682,750",0.088
2023-02-05,22832,23746,23794,22560,339620.0,"7,754,203,840",0.046
2023-02-12,22761,22936,23130,22633,278580.0,"6,340,759,380",-0.034
2023-02-19,21772,21782,21887,21418,312040.0,"6,793,734,880",-0.05
2023-02-26,24839,24302,25085,23868,363020.0,"9,017,053,780",0.116
2023-03-05,23494,23558,23876,23166,297650.0,"6,992,989,100",-0.031
2023-03-12,22410,22428,22595,22320,215310.0,"4,825,097,100",-0.048
2023-03-19,24114,21994,24406,21859,733630.0,"17,690,753,820",-0.019
2023-03-26,27720,27958,28457,27157,503900.0,"13,968,108,000",0.271
2023-04-02,27129,27974,28023,26611,107240.0,"2,909,313,960",0.001
2023-04-09,27802,28194,28458,27256,98000.0,"2,724,596,000",0.008
2023-04-16,29641,28326,29755,28182,85730.0,"2,541,122,930",0.005
2023-04-23,29434,30310,30312,29274,71900.0,"2,116,304,600",0.07
2023-04-30,27509,27591,27978,27054,66740.0,"1,835,950,660",-0.09
2023-05-07,28077,29252,29329,27685,84360.0,"2,368,575,720",0.06
2023-05-14,27670,28424,28627,27280,85720.0,"2,371,872,400",-0.028
2023-05-21,27183,26920,27651,26752,53270.0,"1,448,038,410",-0.053
2023-05-28,26847,26749,27048,26546,35560.0,"954,679,320",-0.006
2023-06-04,27739,28068,28431,27548,54560.0,"1,513,439,840",0.049
2023-06-11,25747,27122,27125,25437,85420.0,"2,199,308,740",-0.034
2023-06-18,25906,25927,26080,25635,40750.0,"1,055,669,500",-0.044
2023-06-25,26845,26339,27029,26295,46450.0,"1,246,950,250",0.016
2023-07-02,30267,30466,30645,29986,58710.0,"1,776,975,570",0.157
2023-07-09,31151,30617,31377,30581,56490.0,"1,759,719,990",0.005
2023-07-16,30415,30166,31019,29969,55240.0,"1,680,124,600",-0.015
2023-07-23,30139,30235,30335,29693,42840.0,"1,291,154,760",0.002
2023-07-30,29178,30085,30098,28890,55730.0,"1,626,089,940",-0.005
2023-08-06,29232,29282,29502,29128,31840.0,"930,746,880",-0.027
2023-08-13,29204,29081,29270,28721,41190.0,"1,202,912,760",-0.007
2023-08-20,29426,29300,29689,29116,39300.0,"1,156,441,800",0.008
2023-08-27,26126,26190,26220,25850,41100.0,"1,073,778,600",-0.106
2023-09-03,26118,26100,26215,25891,28840.0,"753,243,120",-0.003
2023-09-10,25823,25971,26094,25660,27130.0,"700,577,990",-0.005
2023-09-17,25166,25840,25897,24923,56320.0,"1,417,349,120",-0.005
2023-09-24,26763,26530,27413,26405,63350.0,"1,695,436,050",0.027
2023-10-01,26302,26251,26423,26013,38200.0,"1,004,736,400",-0.011
2023-10-08,27505,27974,28556,27325,84300.0,"2,318,671,500",0.066
2023-10-15,27581,27922,27986,27279,44810.0,"1,235,904,610",-0.002
2023-10-22,28509,27161,29969,27119,119180.0,"3,397,702,620",-0.027
2023-10-29,33041,29984,34375,29891,133460.0,"4,409,651,860",0.104
2023-11-05,34477,34526,34853,34089,45200.0,"1,558,360,400",0.151
2023-11-12,35042,35020,35275,34742,29810.0,"1,044,602,020",0.014
2023-11-19,36478,37067,37404,36358,44550.0,"1,625,094,900",0.058
2023-11-26,37454,37356,37735,36857,51800.0,"1,940,117,200",0.008
2023-12-03,37248,37451,37563,36751,45240.0,"1,685,099,520",0.003
2023-12-10,41987,39968,42394,39968,104210.0,"4,375,465,270",0.067
2023-12-17,41256,43791,43806,40277,105190.0,"4,339,718,640",0.096
2023-12-24,42659,41369,42728,40554,61580.0,"2,626,941,220",-0.055
2023-12-31,43578,42982,43792,42745,32670.0,"1,423,693,260",0.039
2024-01-07,44183,42272,44187,42196,36300.0,"1,603,842,900",-0.017
2024-01-14,46962,43934,47196,43251,103090.0,"4,841,312,580",0.039
2024-01-21,42510,41747,43348,41719,52080.0,"2,213,920,800",-0.05
2024-01-28,39556,41581,41684,39468,85100.0,"3,366,215,600",-0.004
2024-02-04,43299,42031,43305,41824,45230.0,"1,958,413,770",0.011
2024-02-11,42697,42581,43532,42272,39260.0,"1,676,284,220",0.013
2024-02-18,49941,48280,50277,47729,81850.0,"4,087,670,850",0.134
2024-02-25,51783,52119,52484,51694,36730.0,"1,901,989,590",0.08
2024-03-03,54495,51722,54899,50925,78050.0,"4,253,334,750",-0.008
2024-03-10,68270,63135,68495,62746,130860.00000000001,"8,933,812,200",0.221
2024-03-17,72099,68964,72771,67452,114720.0,"8,271,197,280",0.092
2024-03-24,67594,68389,68920,66601,78070.0,"5,277,063,580",-0.008
