Date,Price,Open,High,Low,First_Day,Max_High,Min_Low,retornos,Vol_BTC_sum,Vol_USD_sum
2011-12-31,14,10,14,10,2011-01-01,,,,2508070.0,"95,920109,120370,920168,630419,760686,880282,750594,36079,30094,380425,620149,630218,270442,120372,680291,980197,210325,260301,340878,540986,700446,940224,380322,660247,240134,420369,040688,240633,920166,740487,900762,5801,565,4801,008,960679,640251,850291,750499,200559,360336,640414,800503,200240,800nannannannannannan513,060568,6401,629,300836,400526,490687,0401,394,9802,721,4201,706,1802,213,0401,762,0403,042,9701,235,560991,620388,480800,6401,021,720"
2012-12-31,11,10,11,10,2012-01-01,,,0.0,4040830.0,"195,650152,880339,950309,530257,660205,920171,210216,970311,740192,140329,290428,740504,530301,860827,190555,880197,470911,820314,600489,840364,650320,710366,210171,210426,400605,280387,400822,250321,120168,120176,400292,200318,120368,280398,400430,920288,240234,840227,640699,600211,530299,420277,200170,610210,210640,750350,900431,420447,370239,470597,740413,820103,180243,210254,980240,680259,050453,090298,100251,790130,460258,480237,960332,640514,4701,077,340698,610296,040375,120455,400395,520609,960297,96093,480204,720320,160231,960282,000254,760327,480479,040179,880430,080390,840502,560491,400292,710333,300178,970475,860226,270644,930714,450465,190154,330266,750390,940737,550668,470968,5502,431,3301,255,800748,280528,240648,480333,740239,690699,6001,120,680344,520458,150575,520678,040"
2013-12-31,13,13,13,13,2013-01-01,,,0.3,18007040.0,"7,381,8508,425,9205,526,40010,165,08011,153,67018,871,0603,775,3807,686,90010,744,9107,431,5709,427,20022,600,50033,496,32059,780,50022,672,65031,369,47013,941,23010,523,72016,258,3208,919,00022,386,84022,829,30025,391,97025,092,84068,069,02045,224,40064,634,64020,163,10022,318,36040,606,80080,239,68018,195,50046,684,26041,177,40040,850,94030,661,70021,895,40020,630,25017,729,92024,180,30029,589,72058,434,42063,919,50056,574,95014,108,1608,842,68012,180,29013,600,53015,632,6808,371,4006,534,00024,948,00018,316,97015,843,65026,614,17010,248,48011,320,1004,298,2802,748,4801,029,6801,252,4401,116,1902,801,7602,164,3202,280,4202,710,9602,272,9207,239,75020,027,2509,097,2006,875,6104,627,2002,124,12010,116,2404,349,5202,493,1606,502,5602,485,3404,528,4902,376,9901,564,8401,015,0001,551,2002,431,110711,280993,600669,930680,0002,517,3604,620,37013,692,3601,339,8002,062,8302,588,3001,939,7203,745,320895,9801,285,2001,149,720798,000789,260682,0601,469,6502,837,7001,328,6001,339,9601,474,790888,7201,210,4002,816,8002,853,6705,901,5201,172,1603,948,770926,1001,830,5102,319,5703,513,9003,795,0002,448,0001,533,6002,058,6004,392,1506,357,6601,060,3801,607,6807,054,3501,372,800907,6801,066,2402,297,4601,703,1203,768,7202,939,0906,262,2601,087,0601,431,3601,475,8601,744,6005,663,8402,043,7502,128,480857,850412,0001,228,0802,474,060818,3201,421,4601,636,640669,900925,6002,860,0001,562,0804,823,0003,007,8002,498,7404,138,5401,421,2801,070,4002,160,9601,387,0002,337,950828,100806,840839,2702,546,5605,355,0001,692,4601,603,4103,381,9801,159,9603,377,0809,545,7003,165,7305,286,1602,471,5204,483,2403,264,2002,831,7606,192,0805,084,0005,742,3602,499,3004,678,960832,2602,426,3004,490,3801,487,7301,375,9209,652,1302,947,8001,182,350786,2404,150,7204,782,9901,897,5606,485,2701,534,190857,3402,230,4703,605,0003,135,3201,911,6001,758,1706,817,92014,943,0001,842,5407,300,4702,629,9002,013,4402,655,9503,468,00012,339,080820,4402,122,2403,161,6002,541,0002,941,2006,041,0703,106,8802,222,8806,486,4102,787,1202,252,1301,633,5802,113,0402,509,5402,785,9509,731,7605,337,14013,448,5809,743,5803,089,2402,348,4003,224,6009,065,1603,018,4006,974,36015,224,03016,807,8409,768,36014,853,44024,155,04024,822,02020,881,1609,066,97010,110,2403,687,6807,664,64017,545,36026,458,65034,788,60016,609,4507,512,05011,796,4709,369,36030,346,06018,854,82030,469,59038,919,80019,406,94014,965,20022,166,55065,106,99014,725,00031,379,70024,343,20021,364,7509,875,5202,597,1809,739,78011,663,52020,615,8509,592,2209,418,2401,965,0903,430,6807,486,20012,062,3606,356,2404,420,2605,821,0202,983,4209,629,4405,050,8006,601,7005,960,9606,590,3003,330,810655,180767,040953,6301,740,8802,277,9208,070,0401,986,7201,672,5602,046,0802,072,4006,607,4405,184,4503,417,2001,683,720426,0201,246,4401,352,8604,175,160914,1001,328,660803,400704,1202,096,1202,008,5001,007,1701,079,0902,891,300802,9802,003,040508,4101,396,1703,934,9802,163,6001,856,000708,7201,354,320876,9901,070,3001,413,7201,091,790584,2001,044,400684,8001,529,500998,4001,984,600856,3301,635,5201,038,060404,090591,7701,373,0902,752,160840,4801,036,660984,000389,700518,850841,500982,350637,420721,980309,400536,620377,020566,160725,340371,930556,400331,240165,620277,290385,320234,390233,610369,330"
2014-12-31,815,805,829,771,2014-01-01,,,60.923,4412190.0,"6,519,0007,084,5806,393,0406,449,5606,813,4507,593,3004,909,4106,929,4408,063,45011,668,8006,655,7409,873,60013,222,07018,761,20019,628,80012,734,7007,645,2004,306,6606,799,9209,478,05017,724,7609,414,11015,428,1608,365,8003,312,5604,162,32011,306,2309,346,7708,863,2709,610,2007,435,2604,222,46031,377,20016,218,5405,096,8008,752,70017,040,3209,287,4604,529,6504,554,8808,237,9707,846,8607,570,47010,267,11010,598,4005,524,7504,985,42014,149,08024,909,60016,644,9605,763,3508,371,2704,572,0602,809,1705,121,8205,430,5505,353,9204,959,3604,351,3203,831,8004,475,2504,718,0005,545,2804,107,1003,309,9303,710,0004,029,8404,857,8407,110,6506,787,6003,980,3403,690,1204,012,8002,062,7103,685,5006,296,6007,879,4108,838,57011,461,3909,125,4604,188,7905,028,73010,256,01012,812,4007,619,5009,986,27013,627,2709,611,7007,718,4006,102,0305,362,5006,772,8606,564,9607,779,4405,283,2603,886,2604,896,4806,027,5609,039,5107,821,8405,462,0804,178,4205,873,1905,943,0903,786,3203,462,1103,038,3202,685,5102,008,1702,523,8402,456,5503,006,6203,970,9103,455,4603,866,5001,726,6001,834,3602,917,3204,325,7102,947,2003,226,5003,238,8302,934,1001,330,7801,863,6802,279,7001,951,8501,807,3601,375,4801,287,7701,555,6103,111,4802,921,0503,039,2402,483,2002,947,5601,522,9002,020,1402,365,9205,483,5202,612,4401,888,1101,477,750793,280836,3801,850,4501,480,0001,772,8902,404,9202,024,640740,8801,252,9205,340,1402,073,2802,312,4003,931,2001,367,7102,100,3502,074,0803,552,0002,848,7401,347,5702,040,1601,581,2501,428,3002,482,9202,100,4501,827,9201,842,0002,284,1101,575,9001,067,6002,178,0501,971,8402,230,9801,912,6101,974,1501,550,8901,690,2002,024,7502,246,4002,558,3803,083,1002,642,7302,432,0501,736,8901,755,1802,040,7802,415,3001,755,1201,811,0401,566,1501,230,1201,361,1601,268,5003,360,0002,005,8601,815,0002,390,0102,293,0802,915,0004,605,5002,740,2302,443,4002,331,8002,099,4402,154,8101,282,4703,926,0001,821,6003,572,8002,916,8402,705,1502,303,9502,765,0703,800,5202,103,7202,034,9001,909,5001,722,7201,065,9001,487,2001,429,6801,606,800683,200919,600598,050652,500772,920797,280972,160972,4001,147,450608,820818,370202,9501,010,1501,120,1402,243,3801,810,0801,307,2001,469,3201,130,0401,531,1401,932,0001,815,6001,659,1202,002,1403,083,2803,148,7302,992,8002,115,0002,308,3802,766,1603,638,2503,829,6204,240,2804,054,6004,016,0004,328,2204,208,0003,642,3602,122,1902,268,0302,244,6001,401,6001,773,1601,822,0601,824,9001,633,450528,9601,141,0801,752,7201,857,1201,838,1101,842,6001,721,5602,046,3301,981,0201,738,8002,085,0202,174,9402,080,8902,275,6302,126,2802,097,1802,399,8402,130,1002,182,7002,169,4802,042,7002,159,0402,456,0002,131,2501,980,8001,477,4401,612,1901,222,6501,321,5301,441,4401,341,360829,080905,570834,120451,520222,800292,230298,000355,8004,108,05016,550,88011,950,50018,403,3509,167,49011,341,9808,221,50014,370,72013,991,68025,767,82018,780,02028,105,14013,051,94011,310,3009,686,67023,355,66013,107,51014,826,24034,687,45015,400,8006,834,2404,268,8602,597,4901,505,7404,107,8004,042,7805,109,6305,254,0009,702,1207,855,19013,161,4907,860,9805,679,2001,859,6804,545,7806,339,5809,951,9607,221,7805,466,2009,217,1404,656,3006,427,0303,960,8909,339,8609,324,27011,235,9006,076,95013,511,54013,225,80019,926,93023,356,96021,669,18013,157,7608,583,64010,965,3608,769,400"
2015-12-31,314,318,321,313,2015-01-01,,,-0.605,27580980.0,"28,040,30029,151,29030,450,15028,775,35028,518,76086,560,70019,245,06036,058,80027,956,50028,750,23053,309,63053,594,73028,263,91038,618,83029,383,90084,089,88049,461,72096,762,64027,836,76091,342,08078,601,94029,738,90061,301,76030,487,60038,119,50051,820,98044,467,20021,858,55031,402,80033,282,00040,399,51049,053,06024,926,90019,940,35037,149,32074,617,14025,401,36016,109,88013,759,06011,833,50014,580,00035,306,79028,073,50026,250,60032,717,25028,756,20027,997,44023,537,41032,384,25054,815,13080,243,84070,657,44047,705,20035,007,56039,666,55094,198,320115,726,900207,092,000167,108,04080,092,90023,808,33032,913,13051,172,23043,481,96035,272,23031,125,78020,864,85032,689,30016,956,66019,132,32025,523,10015,923,88020,282,60015,298,71013,642,47030,622,96024,937,16015,402,56017,534,16018,570,2409,895,55010,233,2109,545,2009,899,08010,684,30015,211,80019,394,64014,697,6007,580,30010,307,78011,313,84012,532,56011,872,20013,522,80015,298,6408,384,4809,427,86014,471,30016,803,9609,984,40016,456,50012,075,1807,657,6507,962,57012,335,44013,005,92011,835,48011,340,08013,991,90011,868,00010,285,95010,939,03014,408,52016,414,62018,553,05013,668,41015,838,53011,249,24014,204,80012,237,90013,399,56015,104,58012,482,7909,076,6809,972,72020,942,46013,375,50020,882,25041,973,80041,503,70011,037,84016,994,09013,374,80021,289,32055,555,32023,247,00012,305,16017,743,28010,116,60013,867,45014,856,87015,146,91013,815,84012,773,91015,117,24021,295,32011,858,3709,246,28010,759,49012,734,56012,895,09010,023,27011,040,40013,926,43012,854,73014,592,96014,377,51020,425,0309,018,09011,995,20021,415,6809,806,50011,583,72013,488,75012,908,2008,244,60015,163,16017,331,48033,484,32016,861,14017,397,94042,586,50037,417,00013,575,08033,159,11013,016,91012,137,72011,068,26024,366,02013,081,5008,567,0009,327,90011,432,54017,203,58030,763,92023,808,4809,892,72013,675,0009,104,0409,767,12011,306,4009,338,49011,754,7306,136,60012,563,60020,666,80019,378,72030,040,14030,495,03015,042,3907,665,7008,818,3209,372,5008,702,0009,493,92012,558,36016,906,2009,027,0405,033,28012,703,5009,869,44012,228,75013,682,25019,414,3808,931,0009,699,7909,224,0408,472,75011,383,1108,787,9606,254,4307,292,6608,575,14017,786,40010,090,90011,627,4609,498,08012,328,4806,709,4806,383,80010,909,11016,760,72019,925,4809,659,28013,777,97010,560,00015,132,39021,262,50021,578,85023,841,80018,299,45016,519,68013,372,8008,713,80014,012,62026,376,40013,700,25014,843,25028,260,89021,967,8609,894,28016,119,1809,975,75018,071,48015,925,55010,050,8807,916,5008,148,42014,856,24019,354,92017,222,29025,111,42023,448,4507,762,05012,269,64023,446,80016,813,17025,046,60011,331,87011,712,15011,351,9707,741,44018,221,96020,505,24016,501,68018,380,52020,991,18018,764,68013,875,12015,452,32022,188,56032,334,24037,168,14021,584,25015,176,84013,377,35013,788,63046,979,40052,718,70018,527,85019,238,60011,206,64021,277,32027,936,58031,444,76023,594,10046,030,38044,013,30013,809,60016,637,28026,873,60034,001,00037,669,00046,149,60022,137,57013,191,81010,010,14042,455,93012,005,3209,029,70010,717,14014,915,46017,789,50010,479,80020,395,96015,918,05023,420,10028,251,18027,135,45041,739,62034,520,40026,491,00011,074,31015,637,14018,866,85020,171,8006,478,1509,025,52011,711,9608,778,24012,484,24014,319,1609,286,7609,261,0009,188,70011,141,13012,750,66015,049,72013,218,38028,435,99012,647,8808,243,5208,855,44012,460,7209,845,0407,870,8006,789,7008,477,7008,582,87012,837,92026,056,03027,991,52021,105,5006,829,9103,989,0404,021,2906,027,8405,690,7608,924,9706,187,08015,067,26023,435,28013,595,1904,639,9504,025,480"
2016-12-31,434,430,438,425,2016-01-01,,,0.352,19602750.0,"26,540,28067,935,56059,357,23075,125,88045,963,25034,833,42037,849,68041,012,73093,735,74060,681,60054,125,41027,549,52020,087,94011,464,17018,557,46021,591,02020,320,50019,229,28025,759,58022,375,28013,146,38013,947,48018,618,60022,103,04026,675,55025,339,94038,582,18014,676,56029,375,80048,679,40040,630,56029,145,76023,841,24025,009,96015,564,15016,573,72021,349,00027,371,40028,061,67033,285,56023,927,36034,521,76019,145,61029,663,37046,261,49058,881,80029,435,40026,576,00025,370,28019,430,40018,289,70023,797,62050,974,70028,208,30021,671,70018,299,29015,458,04033,864,48065,944,44028,616,32049,418,82026,558,90027,413,01038,631,45026,733,42031,753,92032,129,58023,917,74021,606,00014,307,23024,300,50017,696,70013,150,32022,197,41015,621,00017,638,5308,249,6007,886,06020,014,54016,268,70017,140,20035,692,80015,566,9108,259,4508,403,54020,161,68013,215,93014,297,40015,218,91013,411,45010,089,40010,378,09014,561,60015,293,28011,439,76015,457,75016,671,0607,981,2808,108,94015,603,84013,351,80022,005,42013,769,49012,935,1609,961,3009,645,23013,262,95013,795,52014,762,16016,732,16016,993,60022,106,7009,534,72017,649,59022,706,25018,408,39014,841,30015,300,45018,690,21021,348,60015,300,75014,797,64014,284,89015,855,96013,695,6407,377,25010,653,30012,257,43018,917,94016,246,74018,702,64019,699,7208,212,80013,455,84014,654,22017,413,47018,738,72021,860,20019,147,59018,816,83011,271,20014,968,50023,380,21029,246,30015,192,45014,654,32015,458,00014,872,68016,008,86025,816,32048,636,38067,156,83040,462,62039,054,69012,654,90017,711,20018,383,94019,548,06032,301,06022,484,52019,651,38019,577,95042,900,90021,360,88024,939,84020,398,40028,528,60031,663,84013,457,40023,791,12031,667,40041,616,56044,615,30029,677,24018,931,22062,502,51050,239,18097,542,35031,617,60036,226,32043,139,25065,617,47047,031,24062,163,02059,094,00051,019,92049,369,04064,277,64055,581,25066,604,980129,028,640162,278,800119,368,800165,469,36082,420,86046,002,45090,759,090160,391,410174,702,77054,247,80092,920,250151,711,000144,775,08024,952,02026,253,50027,902,14028,768,00048,696,75037,125,44037,034,48049,998,52060,243,75028,396,56038,884,17060,234,24041,245,96078,726,12078,689,08064,312,32017,087,16016,936,28014,816,12015,903,70012,616,86010,189,00021,406,06026,250,38014,804,94015,687,39016,616,4009,709,6009,284,16014,737,45022,332,26018,066,44026,935,51022,273,20012,613,20014,184,26031,409,37018,766,72017,550,80022,387,50032,789,4009,831,00015,818,88020,406,75036,709,12040,592,07031,482,96037,645,26034,014,51019,062,00022,120,95028,345,37032,792,76019,825,12013,911,66010,901,34012,478,60023,163,36012,999,84016,112,07024,469,04015,320,1909,786,00012,301,74019,578,15015,145,20013,754,07017,255,58014,011,3609,553,20013,087,58015,861,30017,363,60017,831,36028,680,65018,335,90026,169,28011,672,96014,354,85016,075,62016,934,37020,417,28017,738,76012,551,94015,096,00026,956,56018,316,76018,484,10020,169,00020,422,62014,411,76024,452,40025,403,97023,132,10020,979,04022,099,47025,572,78025,411,54051,530,85030,785,43033,059,10024,543,75029,277,64029,983,72021,967,20018,442,49022,720,67022,647,42028,067,22039,268,68024,476,37043,918,50049,117,20021,940,80032,564,35037,663,44027,741,98034,538,13029,803,95018,782,40020,643,84023,744,35037,143,69020,760,00023,153,28015,358,98029,647,60023,515,12039,729,30022,010,08019,015,54027,658,20014,398,38013,639,86052,614,80029,304,28017,253,60022,099,09026,522,72025,945,08023,815,44055,336,52036,875,40078,792,48025,146,65026,611,20025,246,38070,824,60099,748,08019,806,93039,761,28019,842,55025,295,73019,829,16017,834,88041,272,12059,501,40018,674,90019,407,93022,953,33023,576,90014,535,81020,384,980"
2017-12-31,995,963,1001,956,2017-01-01,,,1.24,37438920.0,"1,541,089,5002,281,519,1701,710,920,9602,452,987,2602,138,353,3602,255,313,8401,486,770,8402,515,571,8002,449,767,3206,381,281,7002,559,583,6803,748,068,1603,058,464,4202,641,851,0002,238,421,6502,169,928,6502,704,854,6001,777,118,6402,531,007,2602,269,476,5502,672,602,3603,036,195,5802,701,129,1404,601,637,7205,006,303,5002,634,033,4201,046,413,2301,082,914,9101,373,473,980947,488,9601,432,783,1201,860,001,4602,295,267,210869,350,5601,040,457,700800,323,020741,201,180598,600,000544,964,130541,879,540935,145,000624,070,800551,842,040578,676,400903,595,0001,051,830,820954,946,960636,610,5001,163,133,4801,586,060,740860,329,0801,457,430,000903,743,3301,639,317,680717,657,1001,111,282,710781,238,970784,895,8001,107,773,2801,677,331,200897,301,030653,163,750481,468,8801,002,329,820304,794,980483,772,520551,494,160606,886,560792,438,620809,537,420628,289,460678,317,640742,292,980473,275,880680,261,500367,452,720353,372,240578,128,320443,905,2801,212,067,740890,413,440339,995,520469,107,870526,377,630329,087,070178,287,000269,646,990274,858,810270,289,440353,187,180313,351,200266,733,740294,256,400408,021,600386,904,850495,331,200246,169,000393,986,400182,103,220256,902,160412,992,000524,935,210336,375,300481,543,760606,513,000354,402,230626,293,2801,665,466,1501,029,944,370721,909,800445,072,320374,300,920458,799,600334,185,150780,237,360326,906,550512,274,740698,429,690727,096,800474,205,840735,201,210501,991,210342,293,150313,798,010463,377,600331,401,100184,749,400200,888,320361,775,600312,450,480400,227,650691,613,460363,053,250285,270,560471,938,000592,762,000545,359,440495,292,300880,384,380555,846,420644,192,580478,416,890356,484,240243,175,000324,956,880366,697,260299,662,110196,053,120519,962,800197,891,280191,361,000222,550,400338,347,990262,698,960228,803,520230,911,170389,781,460279,406,530346,744,500531,582,160229,356,630298,281,880345,765,120518,308,000889,434,440352,158,240470,078,400394,995,370362,970,960306,757,000255,591,940208,257,540263,176,560340,768,120290,187,20098,330,760139,763,640227,300,850157,258,240235,694,440211,139,560214,556,240171,839,360160,759,680181,040,000192,668,560284,552,340411,368,580405,620,180220,990,770225,226,400154,307,400213,132,600310,612,310306,520,200214,067,280233,588,000254,747,250293,962,680641,733,180429,726,730316,715,620578,901,760246,848,190250,908,000188,477,550266,985,160330,131,880551,700,100234,496,450150,127,520180,593,200206,910,760295,952,400271,178,250265,144,320210,122,720273,625,000457,493,400429,703,560573,151,080364,940,700259,416,960370,383,120161,026,320183,314,400193,767,120137,501,100170,410,620130,608,660137,049,92072,014,080133,053,610184,347,240198,289,190157,119,360215,909,310178,430,720110,893,44092,082,000181,412,660207,252,360121,354,200101,164,450142,122,60054,904,64054,735,920103,090,53082,277,64075,758,26055,476,96048,097,92053,219,89054,336,80051,633,66068,337,60052,670,25063,616,50055,497,12022,261,68033,415,03055,577,94077,674,80054,273,36045,628,00048,252,06054,601,40039,152,40071,102,500109,723,68078,431,63081,011,000112,979,50077,865,06055,016,76098,178,21077,764,63071,672,85083,520,00095,366,70082,684,770122,730,300124,511,40058,498,200120,362,760103,793,39064,317,210108,791,900204,317,820175,365,540155,606,44054,618,27056,109,02074,849,48054,402,25083,414,250211,802,64071,293,260112,268,360108,071,04039,625,31032,321,53048,562,88086,320,24098,504,95062,505,30060,139,62042,138,36036,031,67052,693,140127,207,92076,981,54053,659,20063,838,95033,397,77018,811,60026,678,72047,949,79039,260,48023,546,88039,856,32032,745,45014,691,00028,546,56061,943,610143,668,25068,733,25041,487,95032,788,48031,556,96040,683,26062,471,71051,063,44044,406,04052,756,55017,535,20010,099,70013,136,58028,430,46030,927,00033,882,60052,570,91030,153,54043,999,74037,109,22034,672,04052,303,80060,394,72073,906,79027,472,94020,032,40036,207,99074,044,64097,394,400152,635,40048,553,84056,259,42069,219,000116,026,080172,140,940237,369,890177,366,45056,598,07066,054,15040,944,250"
2018-12-31,13444,13850,13921,12877,2018-01-01,,,13.382,75165960.0,"2,024,483,4701,980,633,5501,873,049,4602,182,391,6401,948,775,8402,151,048,2302,524,076,2802,883,783,5402,256,796,2402,198,394,7602,882,726,0003,907,172,0802,921,578,8002,562,208,0401,885,634,2801,089,985,4301,074,762,6001,446,733,3201,444,975,3501,355,795,2201,425,931,7101,364,935,4001,169,726,3101,455,692,0002,187,787,2601,640,130,3201,288,173,6001,293,118,1801,383,824,7001,242,300,8001,327,194,8001,795,416,2801,780,520,1602,273,415,6001,767,805,8202,191,080,4802,518,236,9001,500,262,4001,534,858,0201,140,618,6001,914,288,1203,230,497,9202,335,343,580897,811,440879,742,7101,263,140,3202,149,167,4802,560,022,820884,630,400837,579,600821,220,400744,696,490972,059,2001,031,308,2001,121,039,4001,006,964,740830,046,090834,107,280720,596,240872,828,880794,624,000821,466,900810,928,2501,016,894,200609,489,420498,219,680632,576,700633,977,010644,772,200710,638,080665,791,350611,824,020642,544,440790,817,280881,902,100914,043,0601,044,974,2502,969,867,670628,677,880597,018,450927,293,4001,530,301,920674,572,740537,253,500798,145,920509,443,66060,551,28062,008,26061,297,04059,929,47061,167,66060,727,52061,970,90062,200,26063,506,52062,475,26055,883,52047,306,30049,840,88049,207,36049,188,99052,301,18033,613,02022,620,60017,884,44020,378,26021,710,00020,600,04020,745,60022,881,46019,267,52020,766,90019,658,31017,715,92021,396,64021,087,00026,186,28030,512,30028,917,84028,111,68028,442,70025,305,28029,608,93026,153,82028,889,19026,810,46022,484,22022,619,44024,175,06024,716,00017,997,96023,083,1709,463,72019,430,80017,563,51020,093,85021,059,20022,071,00023,397,44022,655,4001,464,232,9501,365,691,2901,541,175,5401,838,340,6401,553,821,0801,957,405,8201,563,195,5201,172,464,4101,248,276,2801,561,105,9801,680,106,7401,630,121,9001,807,870,1402,063,179,2601,980,551,1701,275,296,6001,211,550,7601,991,242,1401,868,766,6502,200,416,7902,903,105,2402,101,814,4501,513,233,9201,190,984,1601,899,700,1501,848,688,2502,460,901,5602,473,005,5002,100,255,4801,149,422,5401,524,162,3401,452,960,6001,807,750,0001,557,765,9801,988,407,8901,929,963,1601,796,666,400775,066,050878,009,7301,087,814,280943,777,920978,187,4701,190,890,480818,094,6601,211,333,3401,285,842,480918,042,150821,066,6801,074,446,1201,318,076,6401,480,652,400881,264,3001,684,622,100668,023,120821,812,200813,886,080911,768,300585,728,200707,678,950920,027,3001,339,636,3801,498,973,7601,169,029,0801,204,048,8001,867,799,750733,163,400860,371,360954,428,0001,000,986,2601,108,250,1301,058,139,040901,819,720926,542,2801,023,477,6001,084,189,0401,038,738,0001,396,104,9901,084,152,510760,834,140758,698,2701,209,928,1401,602,747,1201,784,851,2001,100,905,060970,714,560970,259,040889,553,0501,239,388,4001,244,604,6801,568,922,3201,522,638,7401,839,321,7001,302,211,4001,783,749,3302,275,372,9601,378,207,7501,378,186,9101,447,910,2001,556,869,4801,457,573,2001,561,207,8501,568,327,4001,961,303,8201,270,727,6401,572,977,9001,449,893,3501,739,138,8001,868,342,5601,653,095,4002,306,797,9303,510,779,9102,515,319,5501,320,778,0801,425,603,3401,838,227,2302,003,587,3201,285,613,2001,335,140,2801,285,761,7201,595,439,0001,340,254,3801,318,338,8402,342,044,6503,156,925,800989,091,340920,012,4201,635,509,390931,545,3001,222,875,5001,158,537,6001,503,569,4001,630,584,0801,713,459,2001,408,723,0801,757,642,2501,701,891,4002,859,825,4302,486,238,7501,331,181,4401,740,403,1002,012,786,7401,266,882,9601,516,494,2101,873,340,7601,945,985,2601,942,981,9502,258,657,2802,730,927,3602,854,112,0201,638,185,7001,957,281,5702,698,443,9202,507,744,5002,192,016,8402,356,523,6702,540,336,1101,741,272,2603,423,746,8202,383,218,0002,817,515,0802,462,188,7501,836,706,3001,785,462,4001,963,424,4002,183,697,6302,058,348,0802,223,868,2602,146,132,5202,426,642,9001,883,356,6502,320,808,6402,761,155,0003,115,955,8303,426,137,2203,006,839,2802,403,568,8003,004,086,1802,488,767,4802,101,146,3202,923,577,3602,339,434,8801,672,533,9302,124,879,0101,908,732,2002,255,553,2702,035,044,0602,417,360,4003,384,038,2806,829,862,8804,120,408,8202,309,888,6802,298,329,1104,619,024,2003,290,470,4002,139,944,5502,691,143,5201,545,150,4801,823,860,8501,874,739,8302,822,971,3802,036,817,4301,558,159,1202,053,798,1102,191,594,7202,399,494,2401,850,266,2001,977,169,2002,726,350,2504,049,265,6003,602,890,2001,003,579,1901,165,718,400873,812,8801,143,789,8202,271,308,3501,309,794,0101,055,149,2002,133,331,2001,282,174,2801,441,245,9602,406,789,8401,684,524,6001,614,720,2402,032,068,4201,054,412,920"
2019-12-31,3809,3709,3814,3664,2019-01-01,,,-0.732,186913690.0,"4,221,173,6004,400,964,7104,524,670,9304,472,838,1605,213,906,2705,732,598,9004,517,961,8405,709,304,7206,971,715,5205,081,160,3003,354,303,4404,512,179,8405,579,528,8008,294,6405,915,659,1504,760,032,6803,511,110,2403,713,884,8003,652,819,9504,409,854,4003,736,627,2004,409,732,5004,770,894,3003,754,776,9604,184,121,4005,316,933,0005,776,991,2207,000,487,0004,001,082,0705,019,418,4405,746,692,0004,909,427,6005,935,868,8205,477,269,0807,483,639,9006,046,661,7409,178,3506,262,758,0005,736,010,32010,253,5206,799,470,5004,918,279,7305,329,029,1505,684,860,8004,520,150,9804,003,446,5205,540,845,9604,464,139,2303,990,380,3905,068,309,9205,251,733,7605,255,066,5204,507,824,0806,950,332,6205,566,449,4205,397,644,1406,083,340,2006,398,769,9604,935,278,8805,307,882,0006,365,469,5007,311,807,3607,231,557,6108,643,815,2809,575,28011,053,64016,429,40010,216,4404,352,928,7806,670,082,1604,580,802,0904,016,995,2004,225,881,9303,412,200,3104,020,018,9203,592,081,3504,311,360,0003,836,284,9104,218,432,0603,476,943,4703,521,062,0805,521,198,6204,379,120,5205,451,659,3803,837,685,2804,957,658,5203,536,992,8002,933,196,8403,397,064,1603,791,939,2203,394,613,0404,432,852,9004,972,553,8403,368,345,5203,757,540,3204,594,497,6005,894,294,8905,869,599,5207,943,991,0804,182,532,2003,381,048,8603,259,416,8103,682,976,0405,558,062,5003,240,486,4803,279,119,8003,820,295,1502,637,450,6903,374,410,2803,780,207,8404,303,686,3004,197,515,7203,872,438,1004,883,991,8403,533,871,4604,117,135,7706,628,893,1804,248,482,9405,331,027,6006,142,119,4805,616,790,9203,139,159,1402,988,435,0603,967,423,2004,832,152,8305,645,641,4104,275,345,0405,898,713,6704,282,764,0804,699,264,3504,531,868,8805,262,178,7507,277,688,6505,542,333,4405,662,399,1004,548,726,3205,086,213,8608,254,254,4509,582,305,1507,492,433,9105,890,175,7604,455,965,5205,019,454,1106,457,352,3606,754,366,0807,218,900,6508,443,337,0509,271,018,4009,093,948,0806,404,153,1405,502,131,2506,083,610,8006,314,880,6005,946,766,8804,900,265,8004,894,422,0005,044,324,9306,282,659,8804,854,056,2505,428,478,2506,270,050,1606,559,501,4406,156,303,2406,023,089,3807,241,944,4407,693,468,09010,379,292,99010,014,6909,895,20010,373,459,4008,575,752,0008,496,976,4408,682,355,54010,696,980,46013,442,10010,632,761,4408,522,491,2006,871,030,9507,763,201,2808,476,189,9009,380,715,42011,884,887,00012,135,20011,040,6409,528,169,8609,936,985,72013,525,81017,946,33019,333,2409,223,891,8106,262,640,1607,451,259,63011,685,8907,828,872,4806,601,181,5405,437,960,3506,566,383,6006,884,138,4007,615,638,7405,363,776,2805,567,279,5204,719,431,9904,943,969,3704,567,152,0005,122,702,0604,233,454,8003,838,384,8104,702,126,9505,073,766,8805,934,910,2607,431,010,7506,007,291,8005,363,705,1205,868,278,7507,346,272,7808,601,840133,423,2106,652,051,2007,953,729,6007,526,395,6005,548,824,2906,921,705,9006,400,479,2806,271,389,0006,382,698,4007,636,921,6508,809,5606,285,478,86010,523,3709,287,7809,225,32010,632,0209,367,2009,428,4009,418,9005,798,104,8404,952,552,3604,535,208,7005,590,942,1204,339,715,5504,093,881,4805,367,156,3005,996,6403,967,209,3903,357,677,7603,710,274,4004,061,417,7003,612,835,8204,386,429,4505,456,9404,976,470,2405,382,726,6004,959,900,0004,922,436,4204,254,222,6304,138,472,8004,125,138,6903,832,034,0804,200,356,1603,268,839,0003,463,022,4002,907,794,9202,915,235,1603,937,773,5604,738,206,7804,444,665,5704,047,069,9604,868,566,3504,351,889,7104,804,700,2804,267,117,2005,147,10068,707,44071,767,43013,346,9009,967,86010,483,05013,536,6008,492,75011,233,9809,973,26011,259,8208,147,7608,004,00011,291,70015,450,16012,850,38012,010,83010,453,8007,444,47013,860,76012,203,64011,093,9408,812,20011,269,40012,345,3007,399,3509,781,12011,440,40010,075,0009,734,76014,733,74010,587,7505,751,5906,155,0306,648,5408,814,96010,755,4807,962,9002,935,579,7103,671,563,9002,998,742,0002,575,465,7502,629,877,7602,772,495,7205,636,1603,635,552,4002,126,988,6401,756,038,0801,860,420,8401,789,318,8802,015,010,2201,982,418,2401,878,243,6801,846,490,1001,665,022,8002,559,881,0301,601,209,9201,750,370,8401,598,574,6001,744,571,0401,562,291,9401,553,487,2001,669,637,8601,639,689,5902,076,865,0001,998,760,4402,136,965,7001,649,591,1001,544,203,5001,603,435,0801,531,816,4001,587,743,0701,602,766,0001,393,785,1201,995,244,0201,974,769,6201,759,816,8001,904,012,6001,748,575,9201,945,659,3501,964,265,3401,580,237,1001,564,910,8201,994,730,2402,512,407,9301,883,264,7602,041,411,6801,996,006,8002,121,679,5601,773,083,2501,858,037,4001,702,209,6002,147,462,3101,786,839,990"
2020-12-31,7199,7196,7259,7180,2020-01-01,,,0.94,118268850.0,"3,957,038,8104,613,683,7603,273,348,3203,435,697,8606,072,331,0304,120,739,58059,253,6002,482,548,2404,150,676,7903,114,857,2503,515,794,3202,678,148,6603,192,234,7203,048,138,6007,092,640,5004,266,343,1201,912,111,2601,293,411,0301,581,061,2001,342,326,9602,010,105,1901,556,651,5702,405,787,1201,858,439,6601,188,156,6001,057,318,2401,138,038,2402,064,134,5401,942,717,0101,766,518,5603,917,674,4003,655,751,8201,438,797,2001,687,896,0002,377,227,6005,355,745,3402,735,804,7603,462,490,0802,340,565,6502,241,845,1202,035,201,1702,510,293,5002,420,139,8204,148,984,8203,106,215,9401,973,874,350932,133,7901,344,178,4401,856,855,0002,697,308,7601,868,803,6501,428,688,0802,529,568,0801,470,730,1702,383,304,4402,899,347,0103,545,886,6301,991,616,0001,516,435,2301,325,723,360711,477,8901,417,641,7501,474,812,4301,496,822,1101,914,422,0401,756,836,4801,168,567,670778,401,360671,590,400956,339,9601,470,083,9402,532,397,7601,126,850,670858,439,120362,554,060339,269,320808,617,240814,872,520675,150,400738,725,410969,002,660466,893,260743,521,380784,281,300871,516,720525,710,900732,280,140527,150,540335,100,800306,830,400823,981,6801,012,404,600598,606,800646,497,600772,996,970440,953,920406,016,950763,443,840890,800,050767,263,150668,929,1201,144,197,600583,072,190572,112,030694,026,840844,864,0201,039,498,060988,984,5001,031,632,000682,755,120506,284,090647,089,200909,935,390729,686,8801,153,351,400128,662,400124,787,520148,554,240130,900,00098,121,200231,227,3806,918,340,6605,777,054,1604,790,330,7204,470,799,8005,359,363,3806,349,802,9305,880,693,7206,727,248,6805,043,564,8904,392,498,5305,060,640,7805,838,055,0205,109,106,0806,465,555,0007,249,320,1307,718,131,6204,888,228,1905,911,839,5005,116,420,0006,422,535,9006,351,611,6307,015,101,0006,706,703,7903,539,343,0003,729,893,8405,993,064,0006,523,371,4506,698,690,0505,433,075,3605,277,973,7607,170,214,7007,217,180,4106,017,256,3505,560,649,4406,405,697,1507,181,499,96010,018,887,7804,122,475,2402,972,238,1603,428,541,3604,085,910,3403,672,018,0004,308,539,1302,867,522,7602,442,422,0002,534,588,0002,846,472,6003,919,280,4003,953,668,3204,199,288,9904,222,849,4103,411,984,0003,267,743,3603,885,493,9504,102,833,4504,808,224,2603,892,610,8004,765,411,5302,852,342,1002,386,257,5003,027,289,9604,388,963,5003,385,012,6203,487,103,5503,684,287,2003,001,887,2403,980,905,4404,486,934,4004,849,589,1504,797,785,5603,613,715,7605,067,307,5603,123,363,0403,588,231,5204,456,655,8603,676,997,9604,225,202,8005,194,510,8107,077,232,5002,908,818,1503,456,630,8705,010,164,4808,533,861,9005,270,406,9004,684,244,4004,214,278,0805,350,306,4003,585,748,6505,076,018,5505,814,306,0405,395,346,04010,098,6208,117,372,5206,100,382,5806,984,249,0407,674,245,9209,082,487,9207,459,377,1106,940,262,6408,380,937,2209,688,0807,456,863,1208,385,875,71012,773,19010,938,80011,336,68011,481,40011,418,86010,316,90014,536,08017,307,06013,947,00011,897,55019,645,91021,582,86014,235,46013,924,52019,059,89014,824,6209,451,0509,938,88010,217,7507,982,788,4409,791,31017,603,16016,049,1006,259,465,1407,614,563,0007,075,968,0206,498,952,2007,142,480,85010,033,9206,501,648,1606,106,963,9408,609,58042,233,4605,758,333,5005,699,053,50010,910,9006,629,0006,846,780,5008,551,2507,608,7005,806,597,8609,402,3107,023,315,9507,242,782,3409,484,20011,217,9605,704,258,7607,199,8509,092,25011,832,0009,293,2006,732,6009,139,1305,396,241,3007,853,5807,392,6807,935,50010,150,56011,667,12012,159,8408,616,56010,145,04013,775,10013,454,9609,649,8009,943,29012,826,5008,639,2608,757,58023,285,28015,539,7208,728,5009,469,20012,216,8208,917,7406,671,026,5509,499,3608,613,885,6006,652,605,3308,848,6109,082,0806,695,787,0005,838,627,9209,392,7609,964,34011,616,0008,739,066,4909,468,760,0007,713,798,9605,695,291,4006,939,651,2408,361,421,6008,705,273,5509,608,553,7809,331,197,8808,034,094,1208,012,880,6707,569,025,8309,623,970,5008,287,130,2508,094,003,1207,698,141,8806,266,719,8505,455,212,4505,978,769,2807,609,163,2407,414,502,0605,990,894,2406,520,121,4406,378,575,5804,300,438,0205,921,376,1307,274,851,4706,972,384,2408,947,533,4006,263,385,7004,031,002,3803,703,404,0005,207,031,7806,074,041,3504,417,622,6804,717,026,4005,176,477,4608,488,437,0605,596,929,8407,077,902,4306,529,840,32010,317,06013,066,9204,953,063,2604,873,066,1406,232,642,0008,596,3506,167,733,0009,590,2108,236,5506,104,393,2504,630,648,0803,864,360,1606,875,177,4704,408,578,2603,025,595,720"
2021-12-31,29359,28951,29627,28712,2021-01-01,,,3.023,37774440.0,"2,689,021,4202,872,618,0802,969,787,1203,536,872,5502,224,764,2001,642,192,8601,344,328,0202,334,632,4202,857,048,2401,987,213,1102,830,447,7602,697,869,3502,057,311,2001,730,392,0803,116,610,0002,295,669,6003,923,363,8803,024,809,6403,753,520,1102,018,264,3002,230,472,2203,208,144,2202,793,409,2402,805,794,0702,847,992,5504,534,400,1603,558,642,1508,264,760,0004,783,885,2003,103,890,2403,818,767,5004,189,928,1203,389,618,1002,823,300,4802,229,483,1505,589,531,9003,346,918,6503,240,452,2804,172,891,0404,304,746,6002,406,099,7202,659,198,0104,323,698,5205,716,573,3504,462,932,3106,931,867,0403,404,347,4102,225,961,8401,953,835,3204,057,758,1803,264,278,2206,247,107,7204,424,361,5205,475,089,1602,172,794,8202,145,141,8702,710,904,0403,065,072,9203,841,143,9004,125,802,4603,728,607,1503,069,128,5402,505,138,4003,945,520,3805,359,689,5405,148,972,1803,445,510,3003,220,201,0202,597,152,2202,271,609,6004,593,626,1006,555,689,8005,269,742,7305,152,524,4804,973,788,4003,284,926,5303,038,789,7307,491,914,5603,431,524,8004,224,315,6004,192,722,7504,244,101,6805,710,963,4103,552,000,3003,453,191,7004,070,297,4406,431,851,9803,944,069,4703,294,270,8402,044,162,0001,898,060,1204,557,500,3602,818,695,3602,002,450,5602,461,730,2202,282,348,6403,020,321,7301,978,496,1005,518,512,7203,344,535,2604,092,922,9805,794,800,0503,342,145,2001,983,051,2402,108,073,8402,371,665,1202,908,330,6803,051,442,0003,075,540,4104,321,846,3502,050,680,2401,877,794,3803,390,952,0403,415,327,5504,628,209,2808,773,869,2403,658,597,1202,966,306,4002,403,052,5204,403,911,9203,952,267,5403,631,157,2203,368,852,4002,898,466,5602,322,760,7401,795,986,8103,065,028,0803,455,659,4903,113,078,7603,543,241,6403,733,754,4302,429,207,280889,525,0004,103,263,5603,643,149,6001,000,006,2803,760,300,740110,850,3602,730,647,0103,026,837,4903,598,583,4303,599,751,2103,436,892,5203,672,516,1505,418,930,7204,609,108,0005,034,243,7604,790,044,3505,337,230,2003,147,885,9209,913,8002,930,158,0803,203,399,7401,855,341,4504,154,885,3503,012,075,3005,957,246,7603,954,668,4806,621,335,8802,303,954,1002,270,943,3602,222,838,4502,095,171,2603,802,382,5402,903,625,7802,389,250,7601,812,062,8501,829,935,0802,212,649,1202,450,088,0002,282,959,2001,964,989,1202,094,066,1201,222,588,4401,706,999,4002,269,130,5803,552,485,9402,439,440,0102,862,236,7502,976,583,3201,981,276,7401,934,781,9802,668,860,090919,413,6303,750,233,8203,485,573,1803,861,200,0005,160,086,4005,051,510,8106,111,227,4204,133,801,2505,837,051,16010,062,386,4008,140,724,0404,893,600,6003,745,200,9803,676,427,1604,169,738,1604,735,262,7204,720,337,8006,377,238,1504,812,193,0403,111,519,9104,072,823,1005,655,673,6807,833,000,2406,460,752,2804,012,571,0002,227,693,0003,604,569,6004,706,241,2104,171,064,2803,638,703,9504,163,240,7604,912,146,6003,714,225,3605,548,311,1207,117,421,9604,722,601,8106,036,496,2006,255,997,7809,489,100,00011,295,990,6706,958,961,84011,767,203,50010,983,410,75022,292,712,0006,647,319,12011,963,325,1608,359,929,8206,161,252,2805,922,866,76011,765,433,8407,937,984,1605,469,366,6507,964,483,2806,032,874,4205,958,726,8006,307,643,3706,149,273,1006,882,580,6207,111,546,5305,101,761,5603,034,486,8303,665,541,8705,987,872,8004,493,684,0004,768,973,3604,627,426,8807,009,635,2002,898,609,6004,119,738,00010,968,127,7808,697,196,7705,395,993,2006,523,221,6706,538,961,46012,186,239,6705,048,247,2808,399,716,1504,865,735,5208,214,481,4008,041,622,4004,901,582,4403,490,719,6006,197,062,5603,441,747,9603,762,228,0606,192,884,1204,474,391,4003,193,291,0903,329,564,7903,922,235,6604,268,165,4904,053,890,7205,762,299,7805,066,647,9106,217,342,5603,273,963,1504,126,525,9405,520,110,8007,357,008,7007,216,140,7504,619,707,6805,173,713,7404,445,461,0103,940,448,1904,878,230,2405,916,658,7206,967,051,3807,310,805,3906,567,158,6104,746,182,7708,239,294,8006,697,714,4007,492,484,3707,872,756,9606,259,498,7403,564,471,5404,226,917,6203,256,674,3005,544,722,880462,971,6802,264,247,3504,944,090,4006,820,304,4006,100,753,1204,555,930,0008,778,206,4503,905,348,1607,640,913,75015,410,388,77013,254,489,4505,011,603,5807,149,755,5507,794,973,5804,866,761,7007,292,622,3706,951,021,5305,904,756,4805,180,479,5004,217,762,5606,334,923,8306,995,502,3006,807,449,8809,016,505,96011,527,765,6504,870,875,2406,124,721,1203,852,678,2005,600,554,0804,932,755,3804,288,362,2504,233,614,8003,374,367,3604,407,765,31010,212,436,7305,586,473,8605,909,017,4004,545,079,6804,593,652,3602,843,978,6103,231,261,6008,021,970,0007,811,353,3405,449,468,3602,848,118,2204,083,081,7604,545,101,9804,935,323,3804,363,184,9006,753,770,0007,847,603,2608,244,006,6808,922,965,7608,241,069,7605,156,191,42010,202,122,7109,849,216,0008,372,615,0806,870,600,8308,174,255,9405,115,411,1807,754,327,9102,962,323,100"
2022-12-31,47738,46217,47917,46217,2022-01-01,,,0.596,80494780.0,"2,157,086,2803,201,165,3203,018,934,9203,606,366,1603,210,559,0802,256,184,4802,236,671,5901,854,090,4403,089,349,4803,335,069,6002,934,316,5404,809,802,1403,418,577,1302,080,738,8902,759,648,7305,047,899,2404,572,264,6405,676,568,0805,843,806,3804,292,001,9002,857,949,6002,548,668,8704,466,885,0004,506,749,0004,113,800,6004,207,140,9104,559,103,5203,373,117,4402,858,292,3603,880,281,9304,516,928,0805,976,499,8604,464,775,2004,617,541,2402,845,631,2503,207,932,6403,369,603,8403,811,423,5905,071,344,8404,656,248,5205,871,038,4002,814,709,3801,918,548,1104,025,730,4804,289,587,0004,891,374,2005,696,149,2507,350,587,9803,441,099,2003,239,923,4507,950,801,15012,677,095,86013,813,989,02016,027,707,7008,528,787,3605,067,110,1605,564,460,23010,561,927,5007,016,129,3808,469,315,4206,200,613,7606,711,825,1204,282,576,3805,754,520,8606,567,426,6007,416,523,0808,888,924,3107,461,266,2805,546,837,1403,535,109,7302,270,680,9605,646,274,9204,821,434,4004,002,061,4405,606,472,9604,855,723,2002,714,837,9502,357,948,8807,681,031,4508,819,964,2704,638,715,7205,499,855,6304,664,295,1802,479,310,7302,203,602,5005,146,418,5007,395,693,6007,110,583,3207,488,577,8006,536,712,8404,245,166,6403,358,376,0109,522,902,6708,808,425,01011,281,479,09012,595,749,7209,920,676,7503,943,177,1304,892,112,5008,318,176,9508,705,216,5208,261,809,6506,816,188,9608,272,975,3405,303,249,9804,114,717,5406,249,313,1807,061,232,4207,567,476,8409,791,331,0009,674,192,1006,487,318,0807,168,748,00010,263,105,0505,629,553,3106,152,567,1007,560,049,9804,724,787,0303,165,241,7303,130,323,3505,431,333,4405,536,260,0806,377,081,3106,104,050,7205,033,971,8003,120,180,0003,752,982,2206,523,417,8404,100,584,7504,324,276,0004,919,862,0505,393,191,2803,819,697,8404,374,297,7207,071,499,5703,734,986,9105,590,151,1404,811,755,2006,730,927,2804,307,529,5004,169,560,7804,756,634,0806,830,091,6005,837,382,8203,926,024,5204,714,139,0402,302,668,0002,166,831,3604,869,041,2004,097,068,2803,985,741,2004,075,772,4003,777,581,4303,235,388,5203,987,528,4805,269,744,8406,399,432,0005,570,988,2804,282,959,3604,407,815,9302,860,236,1203,086,453,2004,479,219,5005,026,053,2406,530,611,6507,231,583,1006,300,693,0002,760,455,8502,903,300,0103,429,252,7504,225,894,0805,049,945,0003,245,700,3003,198,072,6004,266,963,9604,103,904,5709,506,678,9002,505,780,9702,163,839,6402,473,086,0001,875,749,8501,260,298,4301,127,062,5102,892,767,1602,545,147,9801,990,385,6701,699,904,7401,755,623,7001,414,300,0301,431,812,0702,219,390,5602,335,770,0002,514,392,1002,824,550,4002,892,423,2003,485,538,0305,074,008,5002,785,903,8802,935,584,0006,330,816,5705,561,628,5708,513,628,4803,193,252,1202,355,176,7603,032,193,5801,857,586,8402,656,479,9604,367,880,9602,948,811,670907,261,2901,000,742,6402,142,261,0002,479,037,0004,025,411,8202,753,273,8004,110,031,8801,086,374,5501,273,414,4903,329,442,4103,700,312,1302,329,229,0002,354,644,1602,679,465,3001,532,471,600949,835,1802,882,202,8403,072,320,9002,639,696,4902,423,698,3102,992,362,2502,048,795,5202,119,436,8004,135,779,3208,967,492,4808,630,289,2007,305,559,2708,068,168,55022,855,963,00010,245,286,48027,109,015,56038,005,76027,443,855,12013,850,426,78022,368,546,06010,653,312,3909,345,483,00014,772,664,90021,558,917,72016,750,089,69025,972,866,11026,463,514,20011,193,174,3207,513,070,80016,729,401,70019,959,650,10015,837,325,12011,134,424,84019,759,260,7808,338,027,0306,110,200,4209,454,130,40011,752,765,44016,728,791,10018,767,325,06024,029,184,86010,780,164,5407,063,397,72019,777,513,25016,981,650,80028,041,726,96019,163,031,66020,802,129,48018,509,896,02015,847,399,23029,302,760,21023,673,000,00022,019,802,00022,719,530,18028,746,768,35018,218,310,6108,744,772,40021,903,503,79021,639,431,58018,622,091,52022,756,843,38016,680,365,64012,731,582,2009,485,109,47096,481,77077,736,600183,797,46088,391,25092,433,43058,577,60043,083,540108,056,700142,685,920150,944,400103,446,480114,832,48074,117,79059,092,500125,645,8203,146,932,9303,548,967,8404,027,561,4004,667,327,1602,492,750,4601,625,228,2503,284,930,0206,919,039,3302,413,604,1603,165,022,0003,398,900,9401,837,971,6001,033,520,2002,598,400,0002,945,291,7601,816,756,2002,509,608,9602,280,680,0001,088,538,6801,598,725,4002,965,040,6003,903,398,4902,260,236,9604,090,249,4403,357,607,8001,322,630,4001,918,203,8403,969,232,8301,877,400,4501,982,468,6002,136,736,8002,358,772,4601,292,969,7001,632,530,9002,621,390,2503,103,937,2803,969,616,0002,944,176,0005,641,206,2202,554,425,6704,843,506,7505,682,805,0002,657,875,2002,240,972,2902,004,664,4801,749,140,9601,234,644,1401,354,969,6802,175,186,5002,273,555,2002,368,458,9502,640,044,7403,576,636,0001,569,718,4802,189,446,8803,671,004,5602,718,558,7603,636,409,5002,548,078,8301,906,415,8001,278,343,2201,491,335,120"
2023-12-31,16618,16537,16621,16499,2023-01-01,,,-0.642,42238700.0,"1,504,037,7601,482,344,4802,565,550,5602,122,237,0402,176,644,6002,382,003,3901,423,693,2601,326,393,660930,585,9001,956,576,0002,147,630,4003,064,635,7802,336,500,1102,626,941,2201,466,909,2801,272,779,8101,898,545,1202,544,928,7502,706,409,2402,366,418,4804,339,718,6401,042,663,7101,384,549,0602,581,587,0002,731,103,0103,174,635,5204,268,319,8404,375,465,2701,409,741,9001,463,497,2202,418,000,0001,264,483,3601,867,765,7002,174,822,5001,685,099,5201,093,569,200607,992,8302,482,910,1101,206,428,5502,424,542,1002,545,229,9101,940,117,200976,433,560763,539,8401,879,885,1502,419,894,1202,859,865,7402,259,494,4401,625,094,900795,022,8001,097,039,5002,221,766,6804,241,052,0001,651,015,8801,894,936,7401,044,602,0201,086,289,380834,547,0001,893,519,7202,223,707,4602,538,412,1801,503,810,0001,558,360,400957,060,720749,804,0001,604,534,3301,933,742,8602,615,141,7605,395,516,3604,409,651,860871,634,8801,037,348,1602,453,446,3201,439,022,3001,274,728,2101,517,288,2603,397,702,620596,183,950364,113,120904,208,580876,422,7501,499,143,280940,059,1201,235,904,610673,199,420483,445,6901,466,919,3601,267,986,6001,137,444,7001,208,477,6802,318,671,500982,167,140473,183,1001,136,636,1601,744,540,3201,339,392,800692,417,3801,004,736,400585,922,320343,400,680765,266,9901,270,311,7001,281,113,7501,419,493,5301,695,436,050439,585,530490,068,900970,138,4701,427,521,6801,116,575,3402,033,394,1401,417,349,120609,824,000349,145,4801,062,528,0901,043,922,730973,137,240732,436,000700,577,990554,740,560549,457,5601,498,638,2401,792,506,0701,270,448,9202,725,725,360753,243,120372,969,000314,545,5301,041,237,7201,074,304,0801,611,538,5601,242,581,0801,073,778,600628,560,000862,310,9602,424,231,6503,540,324,2001,255,613,460987,082,9501,156,441,800395,257,000325,767,960815,228,200942,368,0001,469,139,2601,863,146,8901,202,912,760466,168,430422,939,400914,770,1501,053,139,1201,966,551,9301,901,865,120930,746,880602,602,980408,006,700921,077,300888,933,2401,301,174,160849,073,4001,626,089,940701,582,200550,184,360974,538,7701,499,884,3301,045,618,6401,266,318,4001,291,154,760614,072,850516,764,4602,498,727,1403,140,621,4601,642,721,2201,220,020,3201,680,124,600604,828,300527,314,0801,408,661,3202,716,399,5301,319,033,7601,295,948,1601,759,719,990882,381,940686,961,5603,615,502,8001,509,158,6501,535,782,6801,713,059,9801,776,975,5701,130,860,8001,164,833,9503,032,619,1502,367,885,8004,304,126,0402,846,268,8501,246,950,250719,318,090950,827,9001,823,850,8401,749,912,5801,528,345,7801,458,246,9601,055,669,5001,016,377,6002,159,783,0801,031,621,8401,058,714,9502,040,978,1602,412,850,3002,199,308,740645,774,820558,224,6401,345,036,2801,394,051,6201,716,785,2801,251,672,6201,513,439,8401,550,361,330501,688,7601,225,500,6801,328,250,7501,912,729,2001,385,225,800954,679,320733,457,580480,495,520985,762,9401,700,626,9201,593,210,4201,224,415,1501,448,038,410709,342,000748,417,1502,344,644,5101,695,881,5502,524,294,3501,374,791,5002,371,872,4001,037,476,0001,700,831,5802,199,308,7601,551,699,6002,357,248,0601,872,945,7702,368,575,7201,392,980,240751,898,4802,048,951,4803,585,044,2504,670,347,4401,848,142,3801,835,950,6601,152,476,0701,232,115,9002,691,502,0802,695,508,0003,206,022,5102,326,653,5602,116,304,6001,045,088,800960,781,2902,997,835,3602,001,591,6902,351,729,3402,700,080,4202,541,122,9301,114,628,100663,039,930863,535,4001,437,966,4402,178,336,3601,804,185,8402,724,596,0001,270,037,9201,083,889,0402,802,882,1203,433,832,7903,099,222,0002,566,989,9202,909,313,9601,696,282,7201,685,866,0003,030,706,3204,486,002,6007,143,199,83012,335,860,92013,968,108,00010,995,042,66010,562,937,58018,487,829,36011,566,350,32014,916,675,42018,599,828,94017,690,753,82010,022,445,8609,280,965,82013,207,622,1209,544,422,3606,871,432,1006,764,535,7504,825,097,1003,601,263,9602,769,463,7107,703,859,0205,848,885,9007,772,780,3406,363,063,0006,992,989,1004,926,448,9604,594,976,1008,534,056,0909,992,322,5609,680,204,6409,681,466,5009,017,053,7807,597,777,2805,511,678,87012,872,566,05011,404,645,5009,768,020,3108,399,501,2206,793,734,8804,611,006,9003,979,868,1307,632,611,6509,271,188,4806,639,351,6807,416,603,9806,340,759,3804,983,075,3603,971,207,2108,185,854,1608,969,261,2207,904,695,5006,691,912,5007,754,203,8407,621,387,5803,614,317,9207,161,246,6407,387,445,5208,949,489,9007,562,935,4407,512,682,7506,372,492,4808,715,764,7508,475,301,9805,813,296,5608,033,808,9006,553,315,4807,148,752,6404,296,898,2009,603,165,1808,502,253,0909,840,410,5105,230,631,2604,309,874,4605,175,303,2002,479,515,9601,871,862,6403,957,316,5003,011,717,8404,169,016,2802,980,144,0202,268,164,2201,792,085,120"
2024-12-31,44183,42272,44187,42196,2024-01-01,,,1.556,5345520.0,"5,277,063,5804,518,593,3704,952,107,48010,321,507,1707,811,879,4105,639,233,8807,510,782,3008,271,197,2802,599,026,9102,099,519,8607,680,939,2405,179,256,8507,791,492,80013,243,219,2008,933,812,2002,399,761,3502,095,397,2004,677,279,1207,296,850,01010,846,769,8805,732,986,8804,253,334,7501,221,156,4201,082,475,2902,195,519,8002,579,856,4003,060,659,1603,559,110,3001,901,989,5901,401,426,1301,675,912,7002,755,803,2403,878,042,7204,160,683,7003,903,203,1604,087,670,8501,762,110,5001,490,049,6004,623,629,9703,006,549,3402,153,545,2301,435,658,8401,676,284,220865,671,730626,582,8501,842,224,1002,054,532,8902,404,918,4002,367,612,9801,958,413,7701,367,235,900861,775,2002,904,610,1701,848,990,5002,350,643,0403,297,540,9603,366,215,600669,902,130928,547,6503,025,310,7202,904,892,2002,157,217,9202,758,259,8502,213,920,8001,550,446,4402,064,561,1805,864,968,2006,073,441,9206,130,780,9204,617,051,6104,841,312,5801,297,164,3101,066,639,4203,005,698,9203,004,883,8505,039,655,4004,397,223,1201,603,842,900"
